id,predicted_price
2591820310,378637.59
7974200820,897727.0774436089
7701450110,1061731.5033333334
9522300010,2074628.1666666667
9510861140,712892.2044444445
1761300310,249730.05237186849
7732410120,841742.4941798941
7010701383,648317.1550264551
291310170,406717.24333333335
4232901990,547643.8941117782
6840701125,663387.2666666667
3971700580,400027.27795298933
4202400078,249316.70442178677
6064800090,317645.8333333333
2626119028,294458.24666666664
3303980660,1109708.3354497356
862000020,841953.6477777779
2386000070,934442.848888889
1138000450,371978.7713204509
1775800420,420906.23438014154
2291401425,445421.66857142857
2025770560,1053621.7433333334
3525069037,695251.1555555556
9324800450,597150.0825
8080400136,555724.0877061192
8651540040,515498.72209427593
9407001790,255779.5540608465
1773101530,217572.96934210527
9432900250,320827.16162698413
1794500695,585891.4214058752
2220069003,339924.6588888889
923000120,440715.7222222222
5728000060,532767.67271382
16000200,234335.2197883598
1926059094,426457.7945670996
6672900220,969003.9066666666
3629860060,852101.9083333334
1822069109,415048.42
6675500105,384659.9231827432
249000180,1815698.0666666667
226059065,514838.6064814815
396100110,251561.65986111108
9264450460,319638.4058333333
7853361210,402089.3466666667
9474700020,330018.9677777778
421000455,246242.94554891463
3755200220,443848.9284920635
7960100075,477619.7014722194
9477100490,409009.8927110558
9138100350,803525.0957142857
1624049275,508465.07
2770606890,532241.6471377696
1157200189,492869.2905555556
2770601800,511377.6987363835
9301300805,527075.0485318366
2325069032,1228018.5533333332
1021079099,345926.75333333336
7215730040,705595.6342906752
1853200080,469311.65888888895
3224600340,688437.256241783
3222049120,425014.2966666667
2113700025,301452.9455555556
7893207925,237170.6914558606
3586501085,597026.4596053195
8024200010,428845.1566666667
7116500705,176574.91403708496
1598600209,336799.91777777777
7204200025,1014521.1666666666
4206901505,596322.7322987118
2937300440,939501.3470833333
7205000180,328962.70777777774
8718500665,379386.1860014676
5318101765,801209.584949495
4122700020,996570.1888888889
8078700020,485142.8333333333
3303980680,935159.4933333333
8924100372,1206319.7488888889
2781270210,206296.35420454544
519000043,577109.2767921147
3225069301,1362216.1222222224
151000075,805166.4755555555
2297400020,446814.4642407699
6617500085,631720.0904761904
104510180,235953.89263100072
3528900060,955298.1155381656
3345100286,531324.2
1226039130,432011.51284090907
8712100720,736409.2524689755
3037200010,404772.95730158733
3626039268,492045.57899397274
104510230,238388.70086305554
5112800060,411872.8433333333
6072400280,608763.8720212926
5317100570,1251363.3333333333
9528102993,587931.9845998446
2919201095,498735.1665219435
6181400920,268227.8430555556
185000161,257412.11983174612
8691400010,737000.8127329762
3345700165,556580.92
6151800486,240606.74833333332
4340000080,1262450.8555555556
4136960010,520054.3333333333
3634100030,303824.9480952381
1624059224,940745.57
2788400090,268035.67157713254
9828200762,462800.49261294265
7524400250,461703.11263157893
3528000290,700290.7502380952
5700003630,2086286.3333333333
2720069019,302319.8966666667
7227501170,241952.210597649
2397101270,601443.1170568212
6792100090,761746.2164988521
2770602265,560821.8039721098
3971700937,301794.6302777778
422049203,228547.83034259258
3076500830,342852.37
1423400260,295923.3294436305
9161100795,444720.1
3126049052,535266.7086723647
5100401468,451783.5204974683
514500235,443897.5105555556
1423200170,212387.94000685724
1402100070,434324.54761904763
624110020,785672.0548668
2407000145,219047.60290694295
1890000225,866810.6157936509
1320069271,307363.4033333333
5490700085,385590.2251760477
263000155,470955.8571428571
3726800201,421523.4572839506
5153200358,316266.75666666665
2725079018,817429.2333333333
7165700200,283088.5425
9429000170,586659.9592948718
8718500075,365432.6424321395
1760650950,310315.895996732
1068000559,1214560.0533333332
4113800500,646969.2992063493
4077800507,524986.0731830065
2725069150,709465.8971111111
4008400035,763262.6633333333
7016310270,425450.9266666667
1432701230,226937.346539718
3278606050,346630.01373737375
2473350710,360297.16888888885
2185000685,182022.75333333333
7792000025,421760.20666666667
6868200029,522458.03888888896
624069003,858084.79
7431500280,908498.5466666666
3296000040,548063.2830695133
1118001215,1816399.4666666666
6453900040,794494.0433333333
333100209,879267.0233333333
34001765,598949.7266666667
8946700100,380218.2454545455
5561401210,591510.6533333333
6671900095,342175.2272222222
3275850020,713470.7269566545
3876300600,415869.588518321
1450900020,259659.2577234962
8562780280,328711.13399999996
7663700973,329412.2619047619
2126049032,349957.62666666665
1823059159,220618.32826336674
3438503426,261845.88011544014
9297301495,565051.1536507936
7140700850,367391.5850980392
7942601805,884134.6853353312
2555900030,363973.74034526024
2887970040,260201.1116245476
7419700010,707124.6982156863
2239000011,392783.11767753965
9283800050,328372.99
9407001340,239711.97916666666
217500140,531736.3211111111
7212660520,246561.441952862
3298201170,368027.8607142857
3057000400,285591.79333333333
6865200444,474802.83036909404
6071600340,554856.9270156695
6821600005,694854.1061904763
1235100371,972128.6433333333
7796450340,352874.0551851852
3603000410,164205.86601190479
9297300255,522072.93666666665
9126100850,649207.9194444444
2770601462,521993.8023949353
2599001500,219297.5859256876
1102000095,815539.3233333334
1853080640,915986.8316666667
9551201585,877214.87
3438500796,324999.03599999996
7518504291,525650.8404448525
9269200340,442839.6766666667
715010130,1503341.45
1982201485,662844.465
9526500080,413165.9661904762
9277200180,456588.66740740737
6669150280,305476.758723612
8917100153,603329.9701330943
3760500516,1429661.1666666667
2725069050,955519.9003703704
3332000091,354543.58793650795
8562770080,590938.1808340733
8151601190,298328.9666666667
8563040160,596697.898577473
240000269,749695.13
4307350200,322217.4388253968
1311910300,272730.73494891444
3574900030,500024.2402770552
7853230570,435548.99666666664
320069049,383731.0333333333
9839301060,679044.5555555555
7011201333,608199.0517094017
2781320100,302047.4033333333
3421069120,454908.22
7852030320,490720.36
5316101075,2341316.933333333
5309100750,526724.1932063147
629000730,721864.4555555555
511700170,285571.9590195152
1562100030,554816.859316245
2489200230,560442.69
524069116,518668.8951443002
5315100737,1132034.6666666667
1868900675,859942.2330218855
1608000120,350308.5633123249
705700240,337035.1111111111
7575600610,260452.66163450733
1778500015,706233.4695611579
5423500240,207150.49290647748
6713700025,330164.1106026652
2734100734,270669.88017543865
301402280,198166.25115440116
2113700205,282432.945
4114601570,2543416.5
3332000615,378050.9311111111
3630050180,353405.38
6852700520,520339.64023801364
6870310010,667255.3059015059
6163900981,313832.75420006056
393000142,391609.8566666667
1771100130,325227.06015873014
1442860160,404988.36703703704
9191200435,549695.6920624746
6788200800,1095120.463015873
1115300070,657852.8966666666
3176600105,747366.1136382623
2770604665,564999.1025566137
5469500580,427439.9109523809
5680000545,530704.2337222223
3424089119,530376.55
1328300180,326791.97555555555
1773100922,329064.4166666667
4123830480,329726.7664
9808610190,1110131.9345098038
4250200140,282159.0076709402
4217402115,2666524.3333333335
3831250350,366127.55320512824
2397101055,729715.4100793651
6817850110,843299.3880555556
7526800200,618488.5105608014
7853370100,614001.7266666667
2523089025,884715.34
9476200680,247090.80766902977
5714200140,422992.9666666667
3575304895,583660.7874074074
263000018,403565.1593333333
8080400177,554212.5830901178
6450304130,347131.66853535356
514500090,561015.6787222221
9477000300,441671.32133190887
853600310,1475429.166666667
1951600240,193145.0969183686
1099900120,344168.1507936508
5323100120,562320.718888889
1223089016,431688.36666666664
522059172,253256.1116495277
1930300190,704565.9694949494
9542840410,303390.5833333333
8665050530,497315.8444444444
5592900205,381011.60541034804
5450300010,621868.8682222222
2459960030,347199.8035714286
3331500455,618956.612962963
3432500705,401887.18651709403
3702900165,345627.1
5249803550,501469.5466666667
626049058,457886.2370707071
1788900380,194669.75702604768
8075400360,223573.63763177997
9113200250,759419.9226269841
2738640040,732653.947037037
7821200307,489490.73789265315
3530440140,224934.71522129944
3582700130,451703.82061816176
9276200569,772552.5911111111
7197800020,591547.6528519155
686200490,536152.3340621052
3501600100,389962.06841269846
6383000690,638829.8477777777
7604400150,376298.99333333335
5249801411,694125.2469230769
2607720420,453933.6033769063
9561100010,421546.62312270654
1796370590,258087.98910254956
4077800593,400802.28917139873
854000165,250633.63722152734
5536100010,828404.6666666666
4188000670,840445.7708418268
31000165,1296483.1933333334
662350050,886078.9596895424
4137000280,273511.52166666667
6169901130,961094.4611111112
1953400510,237346.3886214092
7518506716,1002781.25
1552520010,364604.51687409816
7955080270,325582.29807692306
9212900100,558530.1276335118
3438500798,325744.12933333335
7899800890,219665.55555555556
4319200605,448162.05
1329300480,370729.01210317464
8935100100,809930.658425926
5016001260,421317.11
4337600280,270046.8722191668
1446401220,200593.68058853864
7135521530,645201.128888889
6888900115,309273.03768674843
2413301070,291150.5539275901
345700040,299055.67113095237
5566100145,444134.41095555556
7634800070,360851.88333333336
9346910500,655102.6366666667
3529300060,311003.44224219624
8128600060,1305071.0333333334
8572900275,224692.41692760945
4139420590,1424100.0
9274200322,580281.7065555556
1472700200,581890.446969697
8820903380,481748.4766666667
8563010130,848110.8936765873
8965450110,894138.8269155844
9274204230,528192.176688172
8165501700,340971.52684210526
2193340260,536634.8472120813
1860600290,864759.725050505
1222000055,206406.4074846528
2492200280,467530.4666666667
2488200455,372721.6666666667
809001520,1048316.41
1796361140,242285.299598715
6398000011,672885.9066666666
6813600365,584251.980597876
7504100920,804947.2947936507
8835770330,668632.148888889
524059322,827250.5888648388
4307330280,379857.34722222225
1245002952,1218494.0
2021069059,261043.92610136454
5700000595,688047.0923931623
3629970930,754344.0047863247
3336002215,254573.5619672131
5100401060,657109.4444864612
3278600750,246321.40698767116
1126069045,1310683.89
7568700175,319315.7274559885
452001475,483360.02893390186
9283800230,453423.0133333333
1737300130,573908.1533333333
6189600040,531241.5783172895
3679400025,486504.5483950617
1096100010,311185.78129175154
9513900050,243571.719167268
5452800645,796812.4666666667
273800100,239549.47865013083
7228500037,454962.96413317986
808300090,500808.2916666667
2493200215,578956.62
5035300255,726779.0427583853
3380900160,388766.4852406214
3630000130,440384.0380952381
7300400670,291873.77932428685
6798100070,358161.12243631034
8078400010,570359.5499026189
5566100060,504636.49600000004
2768200212,508773.623965485
4035900060,572911.9166666666
9460000110,370163.26
7199320190,597148.9911224986
2225039081,524060.2056293288
9512200050,550138.53
2634500085,330121.720569421
3654800200,266093.7341992804
2724079090,1264749.588888889
2597520720,833190.617104377
3034200426,394968.2621212121
984000130,288886.3295873869
7852020670,410678.98
7923500060,788021.680698229
2310030510,270978.25493128446
2205500540,481521.03269360267
2493200015,450891.7866666667
7853361420,568725.9433333334
5652600605,600323.9755555555
5285200020,301146.9564391346
9406530150,366055.6288888889
5706300020,488642.8584823813
3278602490,406800.5733333333
7197000100,540191.0493019781
4447300008,594291.74
7899800045,235033.58676767678
9250900095,331724.47426807764
9268851740,636923.2395271666
8682261440,515751.06666666665
7284900385,989320.2933333333
8079040300,418634.9552564102
2225300585,405938.2906810586
3223039013,492750.7866666667
2013801350,259613.41305951253
4055701110,778190.5166666667
3578401770,421301.2033333333
4046500720,575273.7632592593
6145601745,341075.81666666665
5207200195,686981.9477513228
1972201856,545443.322124183
7212680080,263444.9299050024
7277100510,620927.8
522079022,564541.4444444444
5605000440,866714.8344444445
6632300230,367208.9992063492
8815400165,663692.9631161571
6708200320,526709.0988888888
2426059076,558029.3920634921
3260200200,566333.3727354497
2770601741,518567.92382620246
4338800500,243837.67893169264
9201000320,753437.8673015872
7655900038,326998.99684776226
3625059140,580490.5880952381
4222310010,175268.2718536888
2114700115,336716.2166666667
3291800710,344829.21480699856
9406590010,376710.38333333336
3025059124,2291864.5
7972601250,388705.06333333335
930000470,1130851.6833333333
6690500060,512139.25918196194
16000015,194382.1937164398
5693501102,568313.7964940122
8079040490,463656.36
7225000155,373245.3
8819900170,745373.8072222222
7972601270,333564.2118055555
1224069074,825287.99
5126900321,383655.088968254
3438501860,277095.6601269841
2822069080,425003.74666666664
1656600310,555066.9114285714
3856900507,1207526.5911111112
1626069139,531876.92
2524049257,1376184.6333333333
3904960150,549454.9418708878
7214820610,449707.70666666667
7977201845,635275.4770401163
2428100080,844190.9756507936
2202500135,450983.4770666667
1523550220,712912.3933333334
2313900610,447567.9774242424
4123840050,391270.68119047617
2125059124,1599564.0
1225039067,483790.24985872325
6431500283,454325.7777440825
2473380010,302770.2405377932
5694501195,416314.2233333333
2881700046,368705.9860871648
6837820330,322152.862119136
2337300370,192899.56886192912
3876540630,227176.34464848047
626059317,339078.97568292817
3374500520,361850.6384559885
7228501903,399046.25
4019300051,452693.2301153525
4232902615,612796.8816666667
3546000090,258863.28950231045
8127700215,760071.0911619863
3438501100,327345.29
1769600066,732683.3133333334
8146100610,700607.5337333333
3052700695,632872.2157842711
7954310210,604908.6555555556
3761700053,1181688.6066666667
1320069179,327588.19
1331900410,832233.4987958532
7303100210,344499.8866941392
2464400285,521138.2952538233
6163901150,382081.61571170925
8955800045,320704.75444444444
2314300200,404228.79972222226
9528104360,405874.14095238096
4177100005,604875.9172222223
8856960260,325248.2178144078
1828001220,645270.1996296295
3066400710,657248.004258107
624110610,894722.0733333334
4040800260,412202.827124183
5019500215,489115.42222222226
2481630180,1558155.8
7203170190,672517.8714765841
510001280,905425.2385185186
9430110120,685589.8098623692
1565950030,340378.8315824916
9828202255,761297.8677777778
3878900270,415169.26375
8091600080,215228.45588332508
1112000035,343557.5666666667
2228900270,301923.90454545454
6648701740,297373.8458446456
1245003740,658019.1530649351
2174503441,529649.4333333333
7708250010,319637.6256609996
6072300110,605805.0442857143
2329800140,248680.8587335731
1494300040,520672.6918550974
3832050130,279422.32324786327
7203100730,921541.65375
7199330170,512851.0484621168
7785000220,895920.3033333333
1250201175,395295.64
4054500180,1036070.0470538719
7905200061,431287.0933333333
3751604895,210724.46840862837
5220300140,291065.2133333333
3323059027,325445.17372759857
8651611980,902832.6611772488
8673400190,564774.7528612925
1668500100,862926.8183520075
1023059365,533777.8853333333
3308030060,334650.762334267
4232400860,1088686.0866666667
2144800615,255296.28485060693
1568100920,1687533.1666666667
9406510040,513242.9203703703
2923049421,325251.4884900285
1051000040,1423872.8266666667
2077700042,661293.3997222222
9423800030,286226.99
9818700455,667874.4777777778
7133300675,364037.077037037
4113800550,632088.4972486773
5553300375,1564760.1722222222
2025701530,283337.88999999996
7942601155,473492.51217338216
7524300020,266821.38182925305
2520069100,302410.36
5412300410,228096.7363842241
7504110760,737602.7366666667
2594200350,387040.0
2722059013,242077.78023809523
8078430480,551579.0428203336
1423069162,499150.2866666667
8856001090,181209.6487645718
7000100631,895117.9383333334
4222200280,237902.9844755282
7971300050,645487.316935287
2009001600,236055.29086763074
6619910140,617793.9066666666
2877100985,546255.8749305729
1196000007,372376.63444444444
1330850130,722498.1584541063
6664900410,266133.18730158726
1231001110,355880.92
9235900030,276942.95857142855
9407101840,306503.6644444444
9523103001,461310.08111111104
2149800278,430811.02280701755
7234601198,652998.1434199135
9476700035,362842.58777777775
9297301065,779023.0033333333
518500700,784620.7666666667
7843500090,320129.17
6056110780,276748.56579545455
2345700260,354882.55256613763
3509600070,235063.79335415715
1431700280,355285.56727106235
1623049174,286288.54644917353
3024089049,394809.44
7853340450,399742.75
7732410360,778647.4644037037
1446800995,307881.88749328454
2946000285,231319.70018998324
425079100,506527.2744444444
3876313040,448738.4628917235
1762600260,936304.8338383838
1925069121,867650.8158730159
7443000480,942466.888888889
7820000015,342010.0844772515
4027701253,478104.33736772486
2826049165,392291.576058201
5426300060,787874.5234188035
1278000210,155223.71243386244
923000270,346624.3283190883
7657600005,243173.8810974059
3024079057,452721.11333333334
3276180020,300979.9934260674
7304300760,304733.78814814816
3908100020,515761.0009481849
8835400805,738930.75
4051150070,216879.71181286548
3904930530,449119.4390909091
6163900971,346484.75777777773
7942600310,484060.06086021505
4365700330,240558.49666666667
423059207,298816.2901190476
3992700265,349102.8933333333
7177300090,493496.0738912652
2540820010,631443.4584615384
5700002510,1076459.3951515153
5201000030,555805.5396296297
7631800015,2244750.3333333335
2922702965,677826.9196480119
1525059198,902437.0066666667
1245003160,745721.5245238094
3810000455,319659.50417929294
7855600080,646593.6114529915
5701500030,1246387.29
7504020400,607382.5664858671
1402600570,316849.05614718614
7575610760,263130.0378180288
8731990370,363409.9666666667
5021900090,992176.2525
290000075,433789.24
2841500010,561136.6584126984
3955900830,429910.5266666667
7852110140,554466.4688888888
1311400350,264359.54061111115
7773800015,510430.96375
4123400320,510082.3192424243
2725069157,878065.9239234853
666000143,725998.1835164834
5101408678,512346.48611111107
6371000026,380690.07
2024059084,644385.3811111111
7283900036,331927.58786435786
8881900230,813804.586622325
3959400135,315872.2018771993
7696610270,232160.9217489945
1689400150,817762.6822222223
5103900015,419526.8333333333
1441000350,473521.64666666667
5101408735,348715.32666666666
3126059027,2127102.3333333335
2320069014,561826.51
9541600015,610885.0339339925
8682320420,708394.83
1562200090,619001.1287563322
3395070980,513287.7266666667
7349600230,257625.06834470376
522049122,292790.81139161217
869700060,301203.5867003367
811000055,1219021.9666666666
1221059176,415825.6046666667
1523059103,450318.1666666667
2025760210,905832.9718518519
9218400088,346361.1903381643
8682292020,437767.8333333333
2623089135,448098.8566666667
3758900259,1395696.1733333333
524069049,616684.4733333334
3121500150,862650.9115707494
5581400080,824404.8590314842
8087800020,482731.55687173933
4070700290,755409.3968095239
3296000170,632063.5319773928
9238500040,572812.1666666666
2744600040,340306.9105736215
6813600380,644689.4857451194
6140100150,475836.63333333336
2201500555,457600.80002962967
2600110250,655955.5302298851
4337000275,148078.18585236673
1186000150,578778.0233333333
1972201963,504936.5181806421
1105000745,409973.6711111111
2887700560,633244.8853450314
4039700080,767923.4404344194
522049104,290881.68698412704
4202400078,249316.70442178677
7520000695,230088.14638910076
7714000310,385383.2866666667
4319200060,685565.5
8624700015,630853.205882353
5104520610,303974.6992592593
2354300845,311008.74666666664
3824100291,490589.14297619043
6151800612,246664.57833333334
5454200080,1044383.5622222221
6413600290,358409.8045238096
2131200065,344414.7377777778
1459920010,264159.55421115924
50300090,390952.70857142855
2326300090,656673.1019444445
7714000070,387952.06
3630180500,1016740.2030555555
1727850340,989114.6736296297
8691430330,1008708.3242690059
2310030390,246739.5925000277
5561400610,508294.81666666665
7010701016,543272.720415874
7883605915,230887.87222222218
1282300995,374739.5224603175
4040700310,463620.3520636911
3353400435,239909.2556593832
2143701015,513642.0658730159
255450020,372569.064
1020069017,372917.26
4038200120,504564.2956349206
9284801100,277109.9756806157
1965200075,644583.3041870465
847100047,579149.6933333334
4038700720,485254.61740119616
6815100085,753560.3173809524
2508000020,338334.0
255520180,775414.8476190476
6822100750,560777.9988594884
869700050,302635.8097162097
1775801405,530806.1555555556
6600400090,216778.07214247546
7202330270,430346.52375
1683400165,1013510.0866666667
2625069070,1025571.0244444446
7625702440,450724.69666666666
3388000640,230927.0977468339
1899400365,278988.208496732
6899990200,798765.3133333334
5569700020,990690.6466666666
986000045,312011.96225225227
3293700221,335161.4487037037
3764800250,361621.46379176376
2291400566,376924.2750793651
4219401236,1450065.1666666667
4239400840,159711.9307918652
7211400990,209791.84705555558
7696500280,187830.66316781944
7215721070,505267.0767571371
3204850140,371780.08409992786
4322200220,658304.2333333333
2566300100,992653.91
1944900090,432880.93412698415
6648500390,298151.9133731486
7385300020,762600.2887878787
1704900135,320189.52871188073
2877100655,706289.011031746
2726079098,558665.7166666667
7625703800,464772.83666666667
318300040,555497.0333333333
7922800190,497934.35888888885
2023049361,215605.44937785502
8946400210,467325.7135918295
6071600450,553509.1860434472
4343800100,415501.25887445884
1443300140,400489.7633333333
1024039001,879033.9766666667
2767704860,565511.372510988
7234600851,677074.3033333333
644200065,820418.305019389
7784400035,754385.15
3826000560,245525.6397849009
9272202260,555348.7
263000253,397324.44817460317
3621059043,617079.9722222221
240000130,577566.0666666667
1352300120,233195.9304347826
7849200861,295158.01666666666
2487700130,507223.26666666666
1796100140,329130.0888888889
7234601221,555425.0668837335
8651710190,446739.6416122004
2916200091,610973.3
1232000915,521870.9143435192
1545801970,257332.09175396824
3211200420,326156.24909683777
7686204675,192005.17826663118
3141600210,223993.89333333334
3959401284,524527.9566666667
2113700825,255775.39444444448
3876000710,404103.7687834268
522069022,515772.11666666664
3214200070,385140.4111111111
1221039156,287836.9836894587
259600790,418123.37260277855
785000040,500026.2714814815
8138870470,490530.6277777777
2596300035,317283.048460417
540100057,1371200.7666666666
3073500045,510707.9077777778
5363200266,441242.435
8682261650,543674.0407407407
3224510080,884347.6707171717
3211270160,447151.06666666665
9269200520,225000.9526984127
293810190,477993.1053333333
4197400043,324620.75232744106
3026079031,379406.8951851852
5332200405,917610.6716931215
2473411210,324287.52038011694
9268200315,512832.15
8123500050,621084.4091444445
3221069091,546316.8333333334
2485000165,642366.11
4058800215,459786.1409523809
1926059039,770207.6333333333
2533300680,916899.869047619
3343903640,306254.47777777776
5700003705,1966984.1666666667
2023049372,383429.29333333333
4058800830,559524.5977777778
3333002302,421365.425
2944500340,288739.9442877493
1982200790,558586.5575985067
8929000270,476305.57285790605
8122101440,293891.5319429456
7525530470,780886.5389741642
9332800020,678658.7840821896
3878900525,237741.10669351072
5420300210,267596.6715151515
9232900165,343564.09428571427
6414100026,456294.63077922084
3013300660,780713.9833333333
7954300120,565215.8416666667
1081200360,327152.2737134503
2877102345,509660.33655122656
2202500255,476035.52
7984400050,231815.12447364046
9558020380,457733.55
7812801850,227041.7968568785
8944460020,368994.1666666667
2306400040,554908.3296260063
8649400410,409533.3255555555
7889602020,253155.0992975734
2041000025,504926.7301527176
871001484,586169.4241687016
2767602141,614763.9047267054
3630180470,803901.6366666667
2769602140,489347.2128648009
2473250280,344487.72123756364
5422560660,457283.46907479584
3756600240,353798.84555555554
8651600160,837743.5
7202300540,846131.7789591568
8961950250,460541.7366666667
3303000130,456406.2474603174
798000062,294333.3793393526
1695900150,810894.03
1604730150,528801.95
4136930310,363741.37323232327
8835401250,1486550.6666666667
8665900328,401344.7431043956
9262800255,319670.04333333333
1853080570,833218.5480193325
5556300114,784094.1046666667
9517200290,484782.0
4037200295,482051.38315834414
7417100123,410356.8059742589
2620069077,197669.93461534136
7922720040,677594.2502832916
558100090,563763.3222222223
257000037,275226.3338888889
3319500385,418824.8440769644
9297301520,324813.56166011724
3580900090,353584.0572616988
1321039076,191338.20086376878
7227801581,317855.370969697
9407001620,312475.79207729467
2130400150,344099.0508333333
2312400200,257537.3294521985
4046700210,332084.27
1193000480,889438.7676358827
1492800296,610862.5284615385
3013300017,380050.5955555556
3630240140,612711.2733333333
1049010390,337567.79103543167
9320900420,154875.17403794036
4315700060,399442.4166666667
2591010290,345146.3061111111
323089085,616375.54
6600400270,213440.90967320927
2919701105,479797.3665550095
7202360670,883735.177973138
8927600100,753320.8240311719
3211700045,615939.8878882504
4027701326,507025.0287940321
1601600195,297986.4944444444
7853280350,826881.25
3629970130,721426.6277911746
7203120020,798948.6812301587
9542900190,354885.13929780136
8035350120,529953.550925926
1238501184,927869.7594841269
251200240,476754.01111111103
8945300200,198393.8909122749
2162000160,1129302.46
5466310060,210282.1250919914
1239400064,965273.7395634921
5205000020,330442.7399847375
1720800305,665801.5993650794
7280300375,585969.8333333334
2095800400,460803.31314260553
7852010950,549830.3531746032
1428001160,597046.3066666666
9528104910,713100.063478107
8644210470,850601.5966666667
7923300310,504307.85475709476
254000100,630768.93
1931300688,503107.9587148996
7007700030,453265.9972222222
422049178,244440.07328953166
422069067,451593.3
2923049393,381640.1666666667
930000305,453044.7522222223
2461900448,490753.8933333333
2610100020,308827.81444444443
2895550050,260393.91237357978
7701700040,287748.47395038564
2460900020,482358.2518871252
9827700105,647007.2001851852
1005000240,329980.1786666667
7200001254,526987.925925926
866400040,539668.3078373016
305000170,652097.4608627643
2260800110,899190.7633333333
3442000127,700514.7622222222
5253300437,443946.4683333333
7576700150,938721.8095238096
5469501410,525505.56
5104531120,677165.3533333334
723049434,341825.2078332584
622069006,1374749.166666667
2517101200,311746.06899330654
8159620160,249761.1049955322
5561300640,403807.4666666667
3317010130,224241.9643795094
4364200250,422851.8333333333
8732300060,746706.7333333333
5603700025,803540.950952381
3585900190,854946.3333333334
3996900575,266496.42857905984
8731801260,234683.7014620936
3810000860,323192.77777777775
5700003585,2239244.8333333335
6332000050,528800.9444444445
9286100250,446737.18
9471201110,899730.6777777777
9290800050,547333.06
7300200400,626914.3448694034
526069024,868946.1066666667
1454600156,763418.9266666666
3904980360,511907.31047049444
2626119062,349132.051754386
8651730290,450733.2687125782
7611200195,728470.9544444444
1919800260,580005.3566666667
6632900354,309713.74
3972900195,319049.5780560249
5151600170,282093.6338461538
7016000440,470094.4
871000435,752496.9381320208
9578060540,511665.8269552669
2332700060,969346.0666666667
766000240,289643.9716666667
4363700200,328003.99666666664
7100000250,322400.98333333334
2781250560,207162.78545454543
2781250100,358173.19
5419800220,254467.18303350016
7147600245,267666.09832556575
2926069083,947978.92
6189200125,824402.1459808111
9542830160,296446.2988235294
5152200020,276668.69407578086
9412900045,507962.7866666667
6600410480,206803.9830240178
6979970080,527447.6620617944
5636010280,262119.33
1732801300,973664.8982905982
5561401530,564461.8466666667
9578500510,352504.49
7304300906,333050.4996969697
1223089077,587755.2366666667
721049207,281522.6826984127
8691330310,832497.9194698508
1523069204,446765.38888888893
3188100105,633202.242429293
6608500290,432508.1185185185
2891400410,354422.0619047619
7663700551,306683.3111111111
5413200140,260982.20726369793
425069139,678802.1794047619
6713700155,365325.1369909104
2767603505,498160.77266572416
7789000080,266307.7722420635
9211500620,215404.26049302224
3750604417,202717.04799505993
7922800320,531562.8527777777
1471620240,342283.50333333336
2222059052,370158.1984313725
9551200270,1013627.1026687932
2767603160,571988.1256086774
9406710060,385726.83507936506
8929000250,375886.80666666664
5538300120,432258.3279832987
2223069120,455295.4533333333
1652500060,1581797.9
8564500240,429580.48017673317
3629700120,649436.1625709477
3943600070,405286.18333333335
4171200025,288839.44931412325
2425049063,2853568.3333333335
9828701650,406674.00333333336
3581000340,362571.9390958248
8100900015,363862.7679532164
2125059161,1114819.886666667
304000380,204379.88014141997
8146200070,1441777.6866666668
686530170,579421.5282078054
2917200645,468741.9733333333
9547200530,837578.5838304095
2122059199,449726.32
1150000740,631980.8313275613
5706200060,350628.24666666664
9265410010,238068.69314568784
4083800555,529972.4178931382
6152900332,345940.55247474747
2520900301,231275.28569096018
9828200790,512891.2631623932
1657530180,287950.3014040404
7471900045,233568.68810051554
9828200460,407941.19777777774
1775900140,423720.1391756303
6139800430,463595.06001870683
7214400005,500113.0128691712
5332200026,534723.034427103
9510970300,814393.5103272162
2540830020,419386.4423360953
3392100140,194813.37951112108
1326069191,376157.7248717948
2125059112,1365086.34
859000022,339223.5
8854100350,640132.7622222222
121059007,253447.98111111115
7977201707,502381.7699759684
3859900060,2612376.5
8815400735,728001.6683365848
705700530,340216.81
6600780130,363158.8161574074
6378500105,412313.6774976259
8143000310,438411.7710674886
2877102330,725341.6181569577
3526039074,658362.8433333334
2115510300,237776.08978923757
3024059014,1724007.1666666667
2141330360,617186.8667113057
546000400,517492.54129136575
2071500011,421725.4953799903
7972000240,234770.63299815316
7016200460,420659.0177777778
6204200180,451017.6863458453
1552100135,940025.454861111
88000173,398481.5366666667
2581900235,801589.5606837607
9211500560,216238.47779196405
621069218,431362.6711111111
1321970240,291305.9865947497
798000630,305283.01111111103
421000285,272368.469081372
2824600180,934532.18010101
3832051140,307752.32
1237500105,740946.7011885609
8802400906,252414.54859297842
3166900270,386267.0333333333
3682000060,366209.4733333333
5469700020,281068.8478956229
1245001820,679901.3366666667
9547205660,544436.7331322053
7974700122,734514.1448811189
7550801225,565669.323852461
1099950050,826340.9911111111
1402900460,310346.26585673593
7636800041,1294153.3266666667
2115720270,241295.60091503267
8651441750,201551.6793362935
3904100035,330624.8433333333
8815400020,637765.5250378433
3303860590,471530.85333333333
5427110040,1229272.9716666667
1782000160,334706.08
6204420290,477788.6080555555
3995700245,292930.81676767673
7955040130,471018.5589223057
1442880650,511410.3094444445
8833510230,897676.01
7283900551,416187.83888888883
4396000180,263743.9641666667
7504021310,739294.087805506
322059264,261011.96333333335
3654800040,261515.3845993794
2767704777,534916.1580406461
3278602190,364344.02
3236500220,479296.0729262451
3410600100,303430.50833333336
629410180,743912.782732258
3352402250,183191.33
4363700304,337894.30666666664
7237550130,1271099.7
9808590210,1156125.5922222224
8074200175,263083.43535739795
3463400330,441192.37333333335
6306400140,907137.4957487923
8564950250,538604.6266778901
5381000070,221546.06087296855
9826700697,462390.76
8132700190,452959.01780695753
7943000020,173168.43253637568
9547204675,611219.2278217615
4112100101,525925.45
727500030,726574.2614814815
114101426,361978.94925584784
9274202005,803440.1472727273
1193000380,911476.38
3039000020,481880.80111111107
7852170130,669511.54
2624079010,639393.4166666666
4137010540,300791.23055738007
7576200012,793896.9
1138020020,333385.2052116402
3969300030,210138.23961614788
898000200,208573.7457200165
5153100030,323516.6809622367
5104532030,554125.31
4406000050,227206.5504761905
9274203390,582548.8338888889
8682290360,410533.29166666674
6928600330,265110.1643232323
4139680070,862941.5677553485
6844702690,484062.6277136475
2154970020,2209351.1666666665
4385701285,1171909.6666666667
2426059071,554221.5171428571
2867300160,557977.12
9512500720,512874.1374905651
1773101020,315227.3518882623
8687800100,288734.6935668579
3627800050,1418275.37
1604600227,300062.52458333335
3300701170,455854.02412698406
9250900111,462607.8552777778
7015200790,683377.9782511677
1311100490,259120.19194985935
2469000010,903107.8133333334
1982201596,561333.8575763957
1862700290,313105.965308642
2586800270,242412.45369018544
9528102772,483381.6804669547
5490210200,477229.293056888
6669080020,427789.5
179003055,233095.38201434826
1860600535,866983.1954920635
1592000130,601045.5364107154
3905040170,540374.1357278501
9320500080,280274.65768982196
9276200850,477986.31086021505
224069114,618841.6688398977
2260000340,559087.0384438292
5096300130,409639.08166666667
3432500215,365238.9171940796
2600000050,778749.0560317461
8856003839,233260.9992592593
2492200435,477254.74
7855900110,1121181.8666666667
6806100250,317163.7298387097
2770603523,488791.5189150719
1370800515,1921063.0
2726049150,495107.59896825394
1226059161,540415.2361904762
1068000375,2736072.5
9528104109,508077.83753950306
5126310060,518955.61699999997
1951820070,561445.7798463573
1545805980,356996.85333333333
9464700340,885844.3716666667
4319200675,957519.75
7518500885,578563.0170320733
7852020620,489164.1666666667
869700370,320459.4636844637
8643000190,258150.82498714558
8902000267,536735.7677777779
7972602435,235372.1994103314
2050100210,882487.6566666666
6705120540,491508.6814814815
2767601390,584513.7123172198
4141000490,1225568.0133333334
9345400350,760148.4011538462
3222079162,323026.50333333336
7789000120,268355.10811507935
6646200770,644485.9667477529
6666800180,772466.8333333334
1725800280,479575.80333333334
6117500460,1031628.9666666667
5470100220,233435.1178322563
5457300478,463738.4633333333
7550800195,581654.723765926
7787050180,543862.308095238
6204430250,532851.0412124625
7640400250,548520.6833333333
624110920,833474.1344787928
3629920140,416163.44666666666
7173700518,725194.8683148281
3210200395,258852.33723759334
2473480560,371562.93
2623089141,472449.86666666664
1423800080,220528.32458930777
2076400050,301330.22008362727
3832060120,300310.47571428574
7702600930,455059.2033333333
5101404555,424546.1647866467
3723800415,445127.79833333334
3356403400,237156.26745960503
9214400125,528417.6205319064
1797500530,563130.3903918153
9551201660,1147724.1333333333
3878900815,366742.6484615385
1760650280,323036.78257215006
5466410030,243713.22523626138
6388930620,592302.3
2331300395,764036.9247008547
9412700160,294645.5591413932
871001611,645648.8055303954
3142600120,608312.4548637008
3995700220,342502.16096310853
2310000280,287157.4951025133
8039900400,404462.45666666667
7504021510,724106.2244444445
1959700445,1683367.1333333333
1556200155,585216.2865689866
3629960590,354173.28888888884
259000240,455515.1584425008
662440020,392232.5366666667
3123049142,520178.2133333333
321100260,720918.3333333334
6840701095,597427.5324786325
3738900165,382188.37086894584
4427100130,352848.22222222225
9238500100,470579.58846529823
6145601810,348731.07666666666
2570300090,386588.01710029517
4017600010,480948.20400225255
1005000220,374899.6944444445
1257202120,509805.4010037788
9527000490,483814.0387950938
8691400080,723450.1195062129
1726069084,439573.2568686869
248000240,201933.81184747413
6113400046,355797.3333333333
2130702350,370650.64
920069052,257459.50845833332
6071300160,558711.8211111111
1623049041,167102.09349206352
9268200285,361032.30333333334
1843100520,376419.4853373016
2887700826,669126.6500122548
9122000385,626625.2119116632
9475700220,402664.0
2804600005,774725.6841554744
2896400300,436944.6824636756
5015000180,744806.0640143369
3630220180,784464.1266666667
8832900780,583576.9064102564
1568100300,427599.01666666666
8718500610,397404.06497722905
4147200140,1198959.23
1973700030,841037.7133333334
8862000075,190713.37127011875
9320990110,324032.5370873677
1151100035,398687.1066666667
2011000010,242924.79292297576
1651500060,869744.4077777778
446000190,785844.6999158249
2344300220,911035.5948148147
523049195,239149.81555555557
9191200015,668840.0312460368
7942601410,753325.1944444444
7137800300,210089.31203365064
7853300280,507645.5
6654700240,315807.0025227061
569000050,595269.1623630839
3584000180,225415.11947806636
2026079055,369720.3222222222
8898700880,271305.49765682506
5075400150,620247.0127735231
8731981360,360180.7062962963
4222500020,230774.73911978092
7996720050,611686.8733333333
4077800094,632729.9483333334
6446200365,607964.4666666667
2824089053,494413.5
1311800220,225514.0415601406
3522049063,629034.248888889
1721801280,210145.2556475469
6131600240,208474.37288464702
7202310040,598747.8060979095
1123059125,502032.0803174603
646910160,241039.4738195755
5630500005,354951.3961592574
3342100785,287040.7211111111
9547205610,669599.549070004
1773100123,292334.0958883583
3353400092,301272.8595833333
217500015,385897.7334171388
3649100031,419105.8003496842
7896300150,295774.2824788078
623049185,264368.8352380952
1773100430,301403.2584536126
1781500220,892692.1033333334
3395380200,247039.26157828287
2424059170,2358123.5
4389200765,1868443.0666666667
1543000060,483303.51666666666
6154900005,614594.198272684
2902200240,486158.8375249412
1442880640,521800.7172222223
8562770490,561674.5750663448
2768300655,585163.84664732
3432501315,301233.87508730165
5035300570,786601.3993650794
3626039028,385846.21111111116
3876540780,236444.11407300213
327000100,998092.1666666666
7551300065,484284.5962289563
1312920060,253810.67262944946
2215901230,257819.9639394927
6306800010,448064.5
2767700022,548412.2000194238
5589900610,554055.0166666667
4320200020,679943.69
5249804655,631946.8933333333
9238500480,544375.42
3885806565,1113933.6312280702
7905200205,465806.6020809117
5727500102,323269.6840907032
3585220070,408863.96305555553
2078500210,554287.8166666667
1839920050,389788.5797913079
534000080,334659.9166666667
856000255,657024.2544444444
4141010110,1751668.0866666667
9558040820,751734.1133333333
7768700315,1103582.2777777778
2796100640,290564.89092877496
1922059010,202547.03217871065
3448000542,273122.6666666667
3883100220,294274.51740944234
7237301210,284022.02463485784
3893100456,931406.8436170212
9578501110,351451.18
6145601995,422780.89518518525
4024100120,341937.43752137065
8899000050,351584.88287370524
3396820010,598457.127857143
6749700117,348628.19074074074
1954400060,509015.5364847968
3303970100,714301.6657142858
2540850070,453162.1428063603
3797000745,489046.01933467697
7883603700,261650.39174603173
3438501452,361741.26128654974
3530210260,730152.0
3598600049,207132.11357039004
731500170,349890.3444444444
7129304375,187553.12126984127
263000006,404559.526
7212660560,309312.43132600735
1112700010,420303.3351721379
3420069060,655943.1666666666
2473000470,426372.7816666667
8691390980,713411.5793230626
6184700100,451296.9077777777
4476400275,368859.06666666665
2968801240,271093.0989294965
1529300160,429320.0903950725
7640400070,597584.9733333334
7016100380,468825.6949973361
2172000890,472260.17
4035900015,722689.9860599416
9528104660,1064536.6166666667
507100005,375819.698989899
2783100160,379591.6228886501
3629921140,846151.7433333333
1099750610,235219.3974190547
1330300451,988055.9022222221
2757000030,996828.2633333333
2114700190,326017.8
2050000020,949647.5008333334
3832500790,289940.94828282826
2612000390,333247.2166666667
1483300430,433219.81
8899200720,273108.2029685976
9183700470,315672.1572222222
3530490031,213881.74139880954
7857001225,358767.58407407405
7920100083,451625.07460636855
2254501620,472550.3819713262
3303000130,456406.2474603174
3876200070,429000.85395585466
369000365,368609.3333333333
3052700385,770616.9815629984
7856550240,896745.1366666667
7300410110,382850.46212121216
7201800300,434458.9885185185
1695900060,523230.3669135803
9429500146,1310840.365
3629910240,657995.3649900224
8805400090,252159.33179094052
1022069050,288637.1197222222
1138010530,364369.83791996253
7877400266,186835.0620242519
7974200452,911924.6822222221
2126049265,461944.7486363638
9547204350,695324.582031746
5560000680,191557.6139429937
3793500550,312124.4741269841
4217401195,942989.3731734005
1826049408,387945.2000766219
3905100210,472241.9221240981
7695370160,505610.55333333334
3210400060,240592.61159837508
6146600170,186549.918234127
2767601750,495795.6666666667
1773100926,348895.2966666667
5700002125,586643.0411111111
1951100100,187775.1474566572
1402200340,343921.745
8044200200,396531.88235690235
66000070,354531.0
5083100065,196044.56039851863
4027701284,418578.96448914614
5693501100,548958.2117807331
3600072,579835.3526006441
8078550250,306105.6678835979
1922059046,335410.0588888889
2902200016,684367.7849206349
9183700845,163623.52065808952
3333001997,352912.11333333334
1432400525,255901.0933008658
2824059128,509600.1030952381
6453550090,905342.7698611113
6202600070,1570222.3866666667
7524100280,235138.49873902454
3524039224,1010898.93
5739601300,542397.06
2473000410,399980.56444444443
421059018,287572.3788888889
4232901120,737831.0739393941
5559600140,253591.44736232187
3797310150,302424.6636601307
7986400265,765361.2852083333
3025300095,2310992.966666667
7524950830,573826.2611309986
9407100730,274036.78
3812400854,407704.3744444445
6002400030,329376.3149206349
2212200090,236622.71702345306
7202330610,542607.1271963911
7300400170,313318.8223053815
8965000110,437496.3977777778
3996900125,329718.05798320455
2221000100,295558.9128730158
1524079088,374368.76666666666
1133000036,378462.39936205343
1868901190,708514.5563405408
4037200530,478252.79333333333
2095500120,338652.4120943424
1995200338,858605.9175
8820902350,687944.0466666666
7459810210,397293.5944444444
9536600010,561976.9488888888
8085400586,1528080.9666666666
7518503065,372324.08444444445
8682320350,670649.7074509803
3179100790,780349.4617823405
9828702666,504029.21283946943
6713700250,529264.2838095238
2141330700,634051.599969164
7519001990,443849.3863492064
3223069019,353054.87666666665
7994700030,399639.6566666667
2592300450,298931.4214427923
2792000010,442925.0183876358
173000025,362235.13919191924
7203150330,651278.6823150051
3305100210,842013.7988756767
2581300055,1132248.68
6613000750,1549313.0666666667
7015200685,633613.3578423366
1323089184,441875.3333333333
3793500510,411979.05333333334
2225079030,365079.0
3578400710,383587.9
8100000090,248782.92523809522
2095500040,312631.01762308774
8682281710,682194.4591269841
6163901380,296498.4148148148
6918720080,651124.5432832168
6914700130,503413.4025511525
1205000215,534683.4658008614
3800008,272891.367509521
6150200180,273923.52
1223089066,786155.02
7768800290,806675.744428812
9285800330,806310.5777777778
1974300020,444847.2903703703
7628700050,843514.61
9376301800,652746.3130583188
8651430220,188281.60285219707
629810350,812393.1414285714
5016002180,877728.5436955637
9558010230,373051.2195238095
8732000390,227953.54125100648
7899800586,365948.53777777776
5249802460,460899.94777777774
1446300020,540881.1933333334
7785380150,514922.61833333335
1245500950,772150.2966666666
3362400640,624833.5323212984
7578200310,664108.0933333334
4137020910,294978.2037566137
11520640,793234.021380032
7972601995,266411.2657070707
8122100160,405686.33444444445
9456200450,267417.0316129032
1328320760,338106.3638888889
4025300285,329887.1022376352
2721600125,933147.1333333333
1123049027,208563.48100789663
3542300060,249252.57256944443
291310340,513234.819920635
8651720420,450221.37190837564
3298200790,416712.5218253968
4037200585,445185.13
1329000090,1414306.8666666667
9279700013,1224274.17
4151800265,595229.0246031747
7760400210,243282.48763609535
5029450110,233309.58462870464
9492500160,844701.7058142109
3578400270,413937.25
7606200090,300096.5022222222
3682000050,345500.12333333335
1250200415,356088.99734126986
629811600,701205.2918982737
1839500115,344890.6328373015
1176001293,1791997.8833333333
3013300409,413312.5333333333
7853280370,828811.3
3275780030,673825.9615218424
3336001946,226339.6732739677
5456000110,760618.3070467836
2473250400,301116.29543956043
5393601635,610537.9347303106
8820902905,394522.7717283951
1245001659,762474.5296560847
1523069215,427905.28888888884
930000234,457221.79444444436
4083301645,715155.3984391534
4055700778,611782.074074074
2781230080,424176.9266666667
3629910210,659904.4913336779
7856700060,646052.3862745097
7589700055,507742.5227446882
3888100043,374035.2607142857
6381501636,406117.5978114478
3303951150,396550.68333333335
8638500170,371364.0
5635100050,416127.42916666664
8820901792,790561.68
5456000025,1326534.81
985001275,177168.7406908832
9560500105,708019.8308191155
1421069117,241725.85583333333
4154300296,257703.24278595482
795000620,144980.32652851264
9828702335,564685.8166666667
1250202145,1027723.4055555556
1163400070,274605.6955555555
5652600065,633584.742836176
1042700050,822897.4454669887
8899210320,341422.2742063492
1651800030,1346129.1
2919201365,757538.1828282828
4365200895,328064.5733333333
6841700100,994708.2666666667
7376300060,461017.9632352941
7852090180,514667.34761904756
9222400565,554461.2511426479
9542400075,883727.1433333333
7338000150,186900.56137791945
4322500110,567138.02
7694200070,399999.89173669467
9321010130,243733.17206349203
3204300455,1179251.7233333334
6706000040,284036.0515104853
1565930130,459255.62333333335
3279000420,226500.67136777352
194000575,500849.07666666666
2115510160,235258.08850946114
7522500005,580529.0889527024
3787000140,460840.6960714721
7852110690,644840.55
5469700260,397298.86717948713
8691410730,732586.4593293744
114100763,299909.22006535943
1257202430,1038285.5377777778
7000100635,593252.17
1900000195,194521.00906633207
251500330,1643743.1333333333
7701960210,821781.562962963
4037000065,459488.97
522059299,243463.0559215992
6072300800,663496.75
6821102358,544712.4797070104
5029450200,212734.07685632416
8860310240,568737.8875673402
826000295,370629.07
9417400110,415605.5
3959400345,735682.8055555556
8899000430,330500.5328717627
7527200030,756161.5143623425
8562720410,1284685.5433333332
1432400335,208330.25383584463
6699940320,354308.67261904763
2525059172,713245.7950553214
7548301044,364482.91351851856
2141300420,852069.5591774891
5100401414,429296.6211111111
7346600092,246873.08122400474
6852700478,505062.7396697388
87000213,257624.12704298942
5416500260,304934.0696969697
322059097,284618.448800813
7229900005,343742.9666666667
7116000350,160574.4096597566
3739500096,409343.9519117808
6744700900,636368.64
1959700550,1007406.9815151514
5589300435,375885.79129629635
1775920350,353600.9843519828
3750607974,306304.5422222222
5318100935,925382.58
1442700430,518755.7266666667
9346700030,719442.1372344879
1841500050,338940.92333333334
7278100665,312961.7033333333
8635750980,602776.0935576773
6909700340,651167.7722222222
7011201475,889249.4166666666
9348500220,586148.3348484848
3876313170,423647.4216129543
2195700050,882952.2579365078
3760100200,484852.0333333333
3396800120,517938.89401098905
3750603685,275339.56
9828702310,534244.9166666666
8656300380,344739.93666666665
1438000170,551616.1133333333
2423069164,468679.4166666667
2112700845,334481.9
7635801370,516382.67333333334
8572900135,393699.76
7504010590,783787.0330362229
6821100125,475061.99738562095
4310702775,298871.91333333333
2591010180,448561.9651859252
9828700235,623744.539667786
9376301180,499681.47414755484
1646502355,1191017.9066666667
1498301672,553453.4855555556
7715600070,422055.9264902998
7283900045,465363.74286195287
522069119,488955.84857142856
5200100125,584816.9383034188
826069184,505090.87715667306
3271300155,725166.2927217553
4444800045,680993.7233333334
8682291050,753929.8266666667
2770605420,555241.6717861212
1556200205,538730.5555555556
269000970,1488222.0155555557
9264900880,255022.87495267804
2323059074,242815.35666666666
1224059053,1428124.46
3755500065,453377.43333333335
2571900430,361467.2166666667
3705000070,285332.8260398861
824069173,593963.0697074862
1735800050,162435.9737692291
3025059089,980209.4166666666
6132600655,913268.9266666666
1068000255,1625826.0555555557
3052700921,699389.1310130869
3024089057,372080.50666666665
7390400026,277727.91420525743
1787600224,417950.1078321435
2923049372,293031.6366522526
7015201015,986657.6169841267
7701990040,896347.4588636362
1925059194,1079483.0676715686
301401370,333534.28
1931300955,452317.61111111107
2395710070,353365.7155555556
2591820070,394042.79703703703
7883604065,258195.93809523812
808300200,504288.80666666664
1421069159,490787.16333333333
8562780540,338192.6597578348
2787720300,365863.4493181819
2349300069,321809.38333333336
739000035,181926.9477777778
2397101460,581217.371269183
7625702437,392561.5
5101406441,485633.4355555555
3323500010,1201313.3955555554
225039082,814049.096113628
8078100260,347909.7991702741
4139480200,1363161.91
7436300160,479592.19666666666
822039004,714331.8333333334
8651442910,235330.6840740741
1370803510,682138.5018562339
3342100569,623902.1833333333
1310430400,516296.81333333335
104540820,235529.9119259639
4305500030,575702.4433333334
993000090,831900.5761208577
8044050040,427464.9422856365
5707500050,906981.4594017093
6306800080,373178.21
9206700190,743070.3761904761
8732040090,310570.44333333336
3037200045,470692.47259259265
438000025,642422.8581289082
239000115,332738.6768664717
8929000230,479583.1161912393
7135520610,1108134.6862892078
5561300340,523792.7822222223
9530100085,750867.8716666667
6613000140,1552179.9444444445
8835210130,337441.93870370364
3782400190,354283.5923809524
379000051,282501.77113821637
3869900150,342052.37666666665
4322200050,489734.2
8961980290,689569.756308954
2558670110,473064.2365308965
1124000010,437958.9162742813
3869900138,482334.36666666664
7853300720,470041.5555555556
251300110,264747.88
3904100041,294268.29
7701990300,833809.4385788504
8682231190,555567.4231507938
7888200240,223817.50602320512
2025700730,294753.46222222224
3066410800,665966.0581723028
7576200040,730920.4623280423
2526069095,1152338.8911111113
2781270530,191864.35271825397
3763300005,449807.4368652453
1523049083,211813.90942840843
923049468,200884.779932954
3303700221,635871.5485714285
1502400140,235100.67335614006
2880100160,1017525.8111111112
4083304535,777592.4663629961
8820902549,560721.4584615384
4139400060,839482.3232366523
1222069094,327596.6011111111
9367200205,700590.9566666667
2734100736,297924.973508772
3856904580,734730.738697047
3812400789,382327.2444444445
3303980090,1103591.9184126984
1314300018,335311.60305555555
9522400350,532715.4263492064
7524350080,363618.7597582973
9406520260,321646.85555555555
3278602040,405175.9666666667
7696620100,235749.31140291627
3751600635,246794.93529271206
6365900065,402601.5933333333
8732800100,282933.4046482081
3876540410,232816.26260612442
7349660050,269888.0170454546
1036700220,756923.8222222222
5417600200,354620.39444444445
8732020310,278964.34271805885
6844703240,1046990.5266666666
923059206,339769.83444444445
4038700220,552130.4644973546
2597520900,799262.8793078403
7203230040,1010027.14
8820903560,325829.54333333333
424069112,705701.0049999999
6056100102,544860.2022222223
1823069155,441173.46
9412400220,2372992.6666666665
6851700381,1113120.5
13001215,270888.8658730159
3630180340,816223.55
6746701090,540019.437916122
3832050760,271561.66767094017
369000690,528098.9003703704
6071900130,580476.2633333333
7266200085,658930.3868009767
1473120390,451242.6666666667
9523100458,580850.9083333333
4345000510,217812.13148512106
6600220090,486604.003185486
8079040320,401000.8466666667
1357900060,456422.2024242424
3996900295,304104.2013553114
1442700250,515009.1622222222
5021900175,680490.0566666666
4365700130,334045.26444444444
3876100320,607539.3066666666
2124069103,455898.11666666664
6700400140,258762.67856866107
7852090810,526471.9
1454600038,932887.8233333334
4137000250,312754.38047448767
9826700726,546851.5638095238
6716700325,497344.12293682713
8562750300,597828.7895862258
9315600050,1614222.1666666667
2790410250,673523.5791666667
7732410130,740353.1446164022
1387301730,359683.20670870144
1568100220,350577.94682170544
3975400085,864001.5811111112
339600110,445499.80771714874
7888400500,232228.6084414608
1842390130,708503.2571722222
7595700025,352908.77777777775
2158900140,796333.8404230408
6151800070,332026.9811111111
9294300515,795378.5533333333
1250202660,809109.4972549019
9106000005,990155.6482243488
5035300085,767215.8187171633
8898700440,269694.72499488824
723049197,206795.7650525658
2019200220,187376.38291360234
2926049408,677120.8
4233600190,839517.878888889
9268851860,441848.87142857147
5458800620,680095.159017094
424069096,482387.96111111116
8150100265,264506.3333333333
2742100085,400959.82666666666
8045600130,405180.0006949453
8039900086,308591.33666666667
4131500190,320507.8995238095
1370802650,764609.5726171305
821049149,266024.1130087505
5104520460,370320.2083333333
5466750140,246092.7083885466
1703900155,319447.3085714286
8658303065,340467.2794444444
3298720030,428174.4813227513
1839900080,336076.41046416544
1561600025,769260.5343589744
6064800410,320488.3333333333
621069102,192688.56423540963
7853360620,425449.17
9385200045,631101.6266666667
7214770020,689371.5
5412300100,235673.17318186522
2025701360,276182.80545652605
7334602070,297389.94
8029200190,212519.86207509457
2622049052,601766.8333333334
3126049261,356777.8388888889
4443800705,447120.0185347316
2473420100,326467.85432588914
7922710520,547764.9406237816
3336001911,270657.22
3797000300,474184.8336202686
5406500480,640113.5159580648
6706600090,444769.7109695506
1518000230,335109.84
1250202990,789752.5277922078
6441800060,821100.5640488216
2141500070,451573.01388888893
9407101900,285611.3349206349
5451300117,2035220.3333333333
326069132,507187.58444444445
7153400100,251209.76213668435
3083000910,451686.9666666667
3021059304,325068.1794736842
2597530650,823120.7077525252
3972900215,317570.69685927965
2473420070,321718.39594926575
6115400008,503096.36333333334
8682220230,797212.2036881419
642150080,518870.84
3775300030,331342.4120794782
5418200340,668355.9484920633
2424059119,964547.4
7899800476,248156.0576010101
8598200070,284369.90252879675
2421059125,503235.37
9528102771,568460.4278151391
7522500020,601061.6442155067
7202340720,591542.0048085443
3286800260,571331.3066666666
1121059105,450718.66
7504030220,631376.6577917833
4045100190,1685941.3333333333
9406530090,369965.42674603174
7138000260,263845.30396012194
2600010390,721844.96
2917200365,424520.6611728396
2191600780,210034.42473472192
7784000180,510072.68
6149700194,319928.5462962963
8082400136,755950.1499033374
7202340930,673265.4593055557
1972200556,605706.8795120779
2767604170,528013.5066666667
3271301175,582993.9151431643
3223059303,495656.33
7598100735,1140024.3666666667
3348401490,309487.02236104495
1545803390,266132.83124808816
2296700050,487869.6388888889
3626500045,709490.1557777778
1596600060,300397.46888888883
3616600250,1084938.8666666667
8078560140,287631.55414427136
1796360350,237642.46730485087
2770601763,540882.6184319246
3223069118,711700.2333333333
2473372040,354707.9125
3575302759,388692.14166666666
5706200170,472572.82
1774000030,475956.95888888894
2224700136,342216.69525651244
1250200418,366830.8547222222
5416500840,371622.88238095236
7335400345,155607.2943452381
3776300010,938789.462962963
8857320130,531405.8003703704
424069206,761681.8801851851
3592500985,1078414.5237373738
9828701295,404432.89
2621750340,302649.047254496
7334401000,270117.13279304025
3286800110,593826.1133333333
1722069097,479808.52
3574770030,527771.1833333333
1336300610,1217284.5
7230900100,342153.85666666663
6141100320,318920.45
2767602356,821959.5706349206
476000017,477848.2478040722
2558600100,445784.3627777778
3500100015,285107.0109401709
4074300150,448334.48518518516
8907500070,4634962.0
4388000260,188514.74919439128
2475900850,279668.99333333335
7852010900,538780.1865079366
318500300,709166.3192549924
9200000050,169105.50379624966
1026069106,493030.2266666667
205000120,647133.4688961171
2616800600,890983.35
921049141,626671.5766666667
2023069059,697464.7127777778
7229900145,419408.2504761905
4376800010,540054.263359272
4389201095,2381698.2666666666
826069127,478928.43642668414
2310000250,279113.9332726424
4058801225,342620.1096475096
6600220550,444056.78686868685
3585300194,1371418.2333333334
2594200375,376031.12
1102000514,969836.6733333333
1862400471,403365.05
6928000440,306340.97534798534
9578060470,504430.0681818181
8732020670,259715.99897713398
1823069088,296685.1666666667
8712100350,1027947.54
3420069055,322657.8433333333
4229900140,361704.38333333336
8682280490,415375.1825925926
3830630310,263350.36522296246
5100400251,399143.4816666667
1737100830,667798.2531481482
1630700276,405174.23665700486
6326000205,484143.1807843137
3426049284,2284872.4
3814900260,407728.15
7403200050,1165068.64
1725059252,797687.9532897604
8899200570,318241.3186111111
4137000700,273156.81111111114
1115300270,862600.5133333333
3904920380,603628.8385379658
2695600195,382663.82
9542100135,856191.89
1552510160,431140.3689565668
1823059241,718437.5733333334
2193320450,595493.0574074073
1122069006,528131.5966666667
7853340330,403386.30666666664
1954420380,492122.3337602213
7299600530,275409.97971428576
1760650670,258670.88863756618
6819100080,601826.3196649029
2767704649,508715.03948270885
2424059035,895784.9161111111
1566100400,412460.5995061728
5255690060,506306.94958333333
8860500130,379855.6651190476
7349650120,317401.25
3291800670,431895.77416666667
3764650010,505235.9159220584
5416500950,401683.4066666667
7973202712,214848.56555555557
3291800120,240358.15911132336
9211500620,215404.26049302224
8643200020,391016.3933333333
9197100101,182165.35035575053
3531900060,353102.29
8842400071,409197.6103703703
6844701680,497409.152036224
6413600285,430386.36421638384
5196410260,965291.781648705
824069121,818999.1433333333
3876313120,412331.25551169034
269000030,1034892.6842261904
1560930070,632182.6966666667
4435000705,187568.5969570183
9542400025,894090.7666666667
2470200020,1497890.4666666666
7519000580,527534.1009094828
1226059101,533227.9555555556
4449800063,383722.3
2815600305,621831.88
3821200050,320457.5598148148
2644900110,394617.4708203747
8058500005,428944.25388888887
1099760230,231826.96983333334
1954430180,515613.12673612096
7853360480,510526.35
7229100040,310287.51043290045
1432400120,184001.1993960173
1898200080,349964.2987878788
4054520100,871105.211952218
2568200140,773566.0134511783
587550010,638196.7533333333
4154303215,868621.667254902
6358900070,1321440.1333333333
3277801640,429552.4866666667
6209000165,359024.45095238095
6143000020,253962.51611111115
2591780180,394985.4852380952
5412400170,248662.82554517096
5466350120,252757.84892926618
2877104196,657416.6098003847
3222059007,321887.56004629633
7957600025,256267.8355329738
2698200210,254468.21675701818
3764500230,630220.641111111
414100630,357268.15194444446
8029740060,333775.3003968254
1426049054,354417.8853351872
546001060,663116.75
3277801417,533228.8233333334
3630120970,759990.9314550264
2326059080,992785.5
3278612370,369787.8515151515
4024700100,314245.94344444445
7697870860,238706.7992104888
8562900240,642033.5441995349
4059400585,213991.79513656098
5703000050,478337.95666666667
7701990560,812504.305741419
1760650610,320796.8057864357
5408100035,439381.8357259796
1370800560,1249361.9
2880100240,499609.0310747377
3630060150,579461.7412698413
6071700020,518006.2477777778
2473002500,427889.18666666665
2768300650,534550.659247496
3523089019,782736.2666666667
2787250190,540048.4955772007
9477940440,443305.9286666667
8732030440,283935.8583903134
236500050,308665.1264285715
993000100,833401.099454191
5466700360,264783.7512707837
7203220300,861885.776400376
8682292180,406795.4481032549
5209200010,506411.04099206347
7853360990,421028.1666666667
8663310010,432305.6489684019
2313900165,543719.4242724868
6114600030,532925.2933333333
3303990030,790749.1111111111
6679000960,359997.0133333333
8161000230,593902.0619246033
9510860060,716804.561919192
1223089083,741760.5
2721049059,301217.23333333334
2523039278,303436.8875958092
9826700707,490871.88888888893
2159900120,470530.5919166666
2767600635,624708.4757478633
3812400455,419624.1066666667
7852030960,469006.56333333335
319500080,698993.203228686
1061500360,309059.6818181818
1787600209,372934.4466389987
7888700030,529425.4333333333
3623500260,967651.52
4219400520,1196170.4333333333
518500460,1622102.57
2500600297,294403.005
7283900010,303977.64454545453
9225900055,306175.9908633495
4036800925,438673.07666666666
7967900150,371432.3451388889
1782000130,409996.0
3163600015,161603.74919306184
254000075,433632.0
1424059022,1013201.5
2768200090,794755.7273789174
4319200505,469225.9016666667
1592000780,680969.6782336183
1687910100,595613.6913257103
5200100115,574604.2848416249
3751600176,207040.30560846563
5608010650,886951.8227601411
2051200506,291615.69333333336
2781280310,288319.1591830207
1023059190,276437.0558730159
2787310130,270711.9055555556
4358700100,424167.75006451615
3121069036,530764.02
1959700225,650849.0177777779
3205500230,388142.6512084831
7974200937,529832.4510338719
6819100111,941887.5091168091
6146600175,169520.5947870877
1525069095,814850.0248809524
1231000510,496712.35
4122700040,1035604.5839215686
2426039314,315084.4047619048
2013200390,267559.66062224784
1854900330,667312.1951455795
1923300135,601489.9451796492
582000135,545542.1474576535
587800130,292366.357962963
7840800135,235738.3925
6116500366,351125.6433333333
6392002635,618533.7375479997
5361700020,347576.03315696644
106000395,421147.2033333333
7199330390,386461.5
2484700155,609656.1666666666
4038300070,486841.52387387375
9407101850,312742.60985507246
293610040,613545.3066666666
7202360760,803844.6195767196
5608010750,1128710.9866666666
7236500025,309243.3684940292
9144300120,331925.59484848485
1454100267,400545.89204700856
1377800135,649057.108065268
7967700570,235514.35926849634
1562100220,578955.6808080807
2923039243,440222.1066666667
868002080,901851.4
7137960460,270060.3826701716
1023089096,301267.168
3262300818,1669858.1033333333
8563050110,539125.7349898613
7137300245,430163.9546464646
4365200630,424091.7844444444
4100500070,1811809.6666666667
3821400200,272984.28496540495
5379803386,248432.32859941354
4237901075,663851.1241086691
8118600155,385772.63333333336
8946780080,856007.8288888889
1428000970,368957.0233333333
7011201004,613534.753384071
2799800180,356989.2272466423
522059130,246170.06321428574
4315701163,585243.2141666666
3649100387,439797.88899576396
2125410210,439254.71124747477
3224900130,220825.90683389513
6798100661,317243.9083333333
3626039325,923001.2866666666
8730000270,360137.0
6065301040,887294.7911111111
1665400165,224445.56080950235
2203500140,412093.0787333333
4058800875,358442.9934656914
5076700025,483506.2455555556
7853420110,585163.2966666666
7818700480,319159.19333333336
8658303080,373571.62666666665
3187600100,610023.7338688894
4077800518,367564.4131746032
2470100110,5622715.333333333
3451000206,322586.8714814815
1843200350,199668.725026455
7904700126,392928.8333333333
9430000070,276292.2214520744
6003500749,669293.6126262626
7701990700,843944.1452747778
1310820150,354887.36333333334
3975400190,612548.6698054858
4100000050,630949.2944055942
7202270700,580442.3687160095
7370600020,604818.1133333333
126059225,525111.513888889
106000015,430311.50395061733
4458800060,1033148.9466666667
8944290090,232350.23963104183
8682250330,678815.318627451
9834200390,440098.70650793647
3275880100,724061.6590003052
7227501190,233367.66405546694
1796100010,645883.348888889
3831200210,305883.3589330975
2521039066,266051.5128571429
7701800050,434995.08
3904960910,644182.3271806013
5647900670,277084.9988423405
7234600796,557278.4966666667
3021059244,219472.8697738923
7787400030,1730066.4333333333
2051200436,595333.7966666666
8820901415,375642.86761904764
3523069047,825706.4433333334
9194101388,506221.2077777777
7277100610,322589.5511111111
9471200370,2012127.4333333333
2767800140,703447.387867647
3629870110,554434.0260098698
9136102057,653666.1388956365
8648900060,521240.53598697594
3678900110,384753.79043478257
2767600150,512744.55847961974
1972201511,640204.802026085
6055000430,531360.7
6624030050,387884.29333333333
2215450150,325407.6053062215
2767603824,457583.3797831744
3585900460,718204.0
2922069134,435513.1666666667
9267200062,348751.1764550265
7228500425,573152.0568518519
1089000190,826494.7558931625
3359500960,511708.13475738803
5152100160,460817.94
7230300060,379782.5555555555
2423059067,455802.50666666665
8016250060,236689.84605390907
2524059267,1060046.2233333334
1438000440,507589.29333333333
3326069026,684474.0588888888
9353300600,329951.4348484848
8691410060,733411.4533405461
6332940070,543594.8694691419
1310980110,296104.4168468971
7428000120,240254.74967416987
3626079040,592756.3888888889
2722049077,301778.84206349205
984220290,299490.4914840164
5347200160,269756.5833333333
4154303655,493400.062962963
2953000250,267852.88650713314
9523102447,671769.110751634
5104511840,436887.44666666666
3448740250,439314.47952380957
4219400290,1089480.4333333333
5152100060,589901.3333333334
3279000460,225662.6062779073
1102001274,1209669.76
1251200155,1136369.9333333333
2025700740,270471.0015873016
3820350050,357424.2422222222
1245000438,713443.094683932
7853230200,476195.26666666666
3832200070,248559.32573387848
2926049400,494852.88888888893
1246700251,970129.3430555556
6372000155,586861.9692255892
7950300670,326119.345813106
7518504130,571243.9080117104
9286100200,445713.07
3992700585,454466.18518518517
7234600786,908175.77
5476800069,365829.62
1126059201,1497728.8333333333
9527000090,465222.8581746032
402000115,300776.27222222224
8818400450,969569.4737373737
2475900840,277858.99333333335
1437500015,187802.46
2848700095,426084.80711111106
1529300135,363817.18333333335
2597520090,802000.6294643227
7812801125,228399.8878683403
3343903647,365356.65
1951600250,158214.1675874419
9542840590,260245.036494709
8081010040,1129491.222222222
3262301355,1233641.0666666667
1861400068,417048.6566666667
3295900490,427709.1190013227
4345000440,246720.25764109203
4219400465,968878.2798611111
3797700030,281191.8423036166
3204300860,744922.0853703704
1930301555,555192.4806231667
8807300130,350905.8
4391600035,242516.35333333333
5021900140,1799809.1333333333
2946000590,260837.6087141105
686400210,531705.9601340153
3365900462,258559.77111111116
8682262170,392688.3642660815
7312400325,329889.57666666666
3760100100,418722.54547192354
3579000410,473228.33459296176
1773100755,549583.58
7129300175,312720.47169312177
6303400965,245779.6715223665
1328320440,329440.6788888889
3686900025,229890.13415343917
1221039066,400690.24111111107
7950304095,320865.78599999996
3585900785,1280384.7
9455200329,552283.9612698413
629410130,741733.316851102
1994200375,596392.419229574
6669200370,972639.86
7262200150,244143.20166666666
7504010750,612881.7798264358
5253300173,317313.12052991457
3395040200,294266.9
322069109,425901.31
4054510270,1054624.7333333334
1710400005,630752.9644444444
8644300170,681357.3958064673
2450000290,1147727.21
6102400166,584153.02
1934800087,445673.915016835
3333000775,298812.7967912205
5393600509,328659.163478836
621069039,314744.08
3343903611,632129.0057142858
2954400020,1201003.7
7972000010,160857.99555120806
7214810510,441488.5477777778
5561300540,503020.30083333334
2634500070,389532.2740009651
6822100310,716168.2657936508
9201000100,723333.6409523808
1072100085,347609.26477780624
6190701146,408268.76905694127
3277800845,291778.63774284197
112900020,351015.3370940171
1324059048,631209.3867114931
7979900126,405348.78710597294
7199330370,437883.3
6381500720,392800.59
8078550190,283597.70652319904
7853440140,808894.2919444444
6300000396,389754.57444444444
3374500250,377246.13738095236
3343901188,257365.01602124935
6979900010,809867.7933333333
7199340320,584522.8212930225
1112000125,390909.35777777777
9269200150,377125.1107189543
5104510210,309869.1666666667
925059219,618451.7933333333
100600320,198241.08084233812
1789900080,292072.71687198064
2123049142,322300.44888888893
2459900040,568908.8055555556
3902300450,620016.4683728081
7250000065,324989.09547619044
7823700005,265799.4733333333
3750605247,224827.45445334364
2771601730,451827.57228758174
3298600440,422998.79333333333
9141100005,575681.5636363636
8682262190,402769.43787719257
9407111250,257810.5746626984
1336800010,1838359.9666666666
2255500060,588847.2523551198
7950302345,311117.3333333334
8658303585,310660.98583333334
9184700600,1050663.2544444443
8068000440,277906.46848484845
1310000130,305060.9903703704
7853221330,680425.2422222222
1222029077,388828.1666666667
8562891100,345549.2659710551
2517000260,361440.01
2225300149,351375.70516534394
8651410330,185217.4114219144
2413910050,602945.2966666666
9407100720,304083.5365217391
2112700920,336872.22
3761700251,1045610.8766666667
1036400100,700760.0568692441
3585300365,650531.0
8562750060,799836.67
2719100042,548927.4066666666
952007055,431279.37
925049318,585460.5109440883
7203220260,1013070.1433333333
9320990140,324009.5426164682
8567450140,540249.388888889
5379800810,174361.17802426743
7784000100,545689.02
3992700475,389916.3577777778
7905380280,417031.1385503778
943100683,418965.10142857145
8029770470,534377.8666666667
2818600060,1042540.4766666667
1226039124,419610.62529678975
726049184,271416.7
795001930,235042.72588331878
339350150,782970.6957516341
1332700270,297450.49527777784
7548300170,709265.6966666667
6141100330,400164.84
647100096,856929.9333333335
6744700423,401840.1533333333
2895800750,273445.9926705239
4046600220,411365.38363636367
8809200070,385123.04848484846
293700110,837483.9702597403
4178500440,254984.67260692499
4358700164,263842.3333333333
9197100263,265691.8743447294
2426039313,315306.9047619048
9468200163,622478.7342369024
475000190,508138.63860791735
7504180170,443328.7877777778
4036800170,495422.8285897436
2561330040,484554.39235964936
4123400340,511498.99107142864
524069115,844570.9392460317
4047200850,332427.9
8651440230,235493.74570042154
3905030140,573198.4640854683
510000641,673427.424052317
8663370020,404221.5088200634
2883200760,711218.3744383135
1980200384,713176.5533333333
9468200140,496576.70680446824
1796370150,267938.57545087015
9238900085,553284.67
9191201325,607602.1176190475
2538400060,922720.8710059405
3758900037,951602.0045490197
2472920800,406483.5
321030150,316664.03272958123
2571910100,292934.1574603175
1423910670,303497.0469746336
1118500030,834793.1993053223
1939000010,658143.3200586451
1776460190,482180.50416666665
7504400290,622419.4583004256
3448700070,428780.0
7518501025,558871.932218406
923059252,510776.13666666666
1431700210,244233.92786578203
8635760480,582933.0433702326
9175600025,2623843.3333333335
7922720250,525312.7840730381
8944360390,480626.0044688644
8948500065,230047.6828076975
8669160310,279494.331025641
6117502745,464821.4533333333
1789800020,397536.0466666667
226039186,295114.41571428574
6457000080,247607.55643920545
9557300080,515721.77659580804
8562790480,668023.1851851852
6430500008,478351.0759740863
1604590230,720040.694047619
9542850290,799665.1162962964
7831800395,245953.91570308123
3317500030,1109993.5633333332
624101110,820012.55809768
3654200039,381208.2166666667
7856000150,869330.1066666667
4338800685,235385.35006951366
3211230300,451266.79333333333
3904910650,575622.9282012627
3598600088,288633.71471674024
3796000400,397645.96944444446
7972601280,508779.7761904762
1450300050,274541.16285415733
7504050090,744668.1316737891
9202650130,568766.072021857
2419600075,373908.4660551431
1224049005,1053606.4289989315
7129303240,321289.526031746
1922059135,205356.8986249704
7852020250,676041.5633333334
4139910180,1527965.1666666667
4222300040,268602.0970649776
1024069027,915482.3342456142
8944600620,515503.1177777777
5040800060,826230.4633333334
1036400200,633677.2880808081
7899800915,222408.91666666666
3325069025,513469.89676514745
9408300310,628676.2742424243
1773100604,369100.2233333333
5451100490,1296631.3833333333
9536602080,194050.26654627352
9828702055,414326.09814765176
3362401758,481187.2581324773
476000333,469200.29360646306
4364700730,402478.47333333327
5559200020,250631.81028532868
7522600110,249086.35124918388
104510440,236860.21008910183
8820901275,497326.4444444445
3298700125,259285.88888888885
323089172,425235.4
5364200477,612662.415813492
2222900082,384089.48787823063
6641800020,658318.7433333333
9358001422,310876.48972222226
3438501150,308899.1644444444
2206500430,488729.0867094017
9272201318,548719.7050000001
585000095,669351.5199358974
7708210050,467879.73333333334
9407000840,291693.7788888889
4027701265,488766.9766666667
8644210050,782191.4787301588
8656800020,382735.95444444445
3329520170,214945.62823048767
5104520720,318422.6655119825
3806000005,186466.9052491929
2330000015,760661.5167508418
1447600410,283367.2925925926
8641500252,416812.51166666666
6084600420,281091.8468742985
441000115,484310.6732881511
2597490030,761014.24
650000030,752619.8933333333
3585210200,410221.5512983292
5416501030,414120.11666666664
5406500170,663363.1067220961
2916200065,421923.90260732325
3330501975,510779.9006944445
1774220070,592829.8095061728
8731730710,207283.96505432157
7861500150,460547.4377777777
1402630190,379407.3702380953
9117000230,290662.1728130943
7133300380,721438.5733333335
4232400470,687687.8033333333
1773100972,338199.93666666665
9413400165,257911.93636752138
7658600025,497023.58373333333
6909700040,917557.3238095238
1402900380,291899.5874471302
6625910100,479227.4266666667
3204900010,618241.0
5162100820,320103.8262962963
5560000480,169426.14566794317
1704900303,587827.1146296297
8084900170,1651051.8055555557
2887700091,700713.9685185185
4331400190,271994.3184980127
3762900130,370261.2924338624
52000067,606265.6565945166
5430300120,900589.1442592593
8956000460,605232.5356438746
8856950310,260303.46651587303
3364900156,368759.25
9310300211,319429.13155
6448000020,1306113.0433333332
123039570,390434.4666666667
7600065,587446.7041666667
3123039171,432354.2
8964800445,1537311.3033333332
7857000732,409089.15461988305
7525410090,620957.8065668801
9541600350,717318.6388888888
3186600515,775422.8819359125
4123820450,339818.86055555556
2505500030,1145748.3496347172
1541700240,324676.56778133905
6629300120,334343.3259523943
7399800150,481238.0243507752
9517200180,344982.2971554834
1313300340,520027.5217532468
7967650010,371582.66869505495
8807810090,397866.15833333327
8815400670,775298.9328947369
2310030500,267373.96791281307
2241700075,312566.1417209457
2287400030,318902.2847368421
2827100075,289956.55
1310700390,328960.89151515154
5498100010,434680.9736111111
723000114,1396658.2855555555
6431000987,499478.2305555556
3356407665,226152.50888888884
7852110050,560272.7619047619
8677900123,459338.63907888404
1917300260,215478.36555555556
3396800280,572141.1433333333
8691420050,812651.8166666667
9368700006,306954.9657431457
339600290,368830.76666666666
1592000250,593787.235873837
1471701780,351385.8
8928100205,594691.422996633
5029450100,217632.80435693933
5493110080,2417031.7666666666
7883603750,272684.5133333333
1732800175,971719.9674603177
1518000290,335956.86666666664
8604900017,575021.6067044468
5379805160,320913.047962963
1254200835,599472.0246664234
3179100482,486057.7853384442
3313600266,202441.65733411172
976000879,675311.1487159393
8819900220,590995.1847056648
2130701535,318669.1416972355
1176001124,580262.8586142561
7893805650,404963.09266666666
3885806840,833121.476487013
3625600190,1296770.6866666668
8562790150,810439.0831746032
7348200115,228334.6944066294
955000453,450645.3923773123
6817810310,418172.07666666666
4040400340,458843.83137566136
1644500050,949909.1633333333
8029500100,336270.73333333334
5244801230,716411.0966563467
1115100119,380827.8339338803
9542400010,884807.4666666667
423059387,654231.8923809525
4023500990,340436.0359150683
7899800857,273472.3
2976800796,225625.92269472635
1074100020,358068.4268409867
446000010,649579.9124444445
7942601200,462139.21664957266
3575305495,897016.7215873017
8691310040,781519.2294444445
6117500430,698225.6133333333
3924500130,541310.9425925927
2028701075,499816.96868652443
4330600360,253249.49724682717
1324079082,445837.73833333334
9268200484,723065.4875
9828701605,573238.9382020839
7518506715,1007427.4944444444
5315100277,1474418.8166666667
3942900115,328850.8314141414
1561930020,497407.7633333333
9510970090,655348.175815296
6163900821,349554.21472620947
9510300220,574963.5933333334
3869900146,348154.9666666667
9262800208,800956.5822222222
2522029039,622016.1866666666
6865200095,691738.0661067469
3782760040,500418.1
4237901250,631271.8261616161
2891000610,211765.01438156608
2749600095,508009.027684407
5422810010,356565.77555555553
3629980350,752772.4004537129
2459500070,300116.42249696754
5113400364,671673.9830979622
7533800885,799642.6457777779
629410190,743640.1557216761
8651431100,182662.09498348876
7960100050,572202.793034188
1842200040,464826.3146365915
425200205,250697.28501993726
9477201470,372227.59304436325
7905200365,474719.0863401709
6381500635,331640.9344444444
6052400175,371993.66333333333
1236300268,525371.1766666666
6072800265,2092170.5
3423049311,244827.2636111111
3755100540,386455.57470713276
7852150120,400426.93333333335
4180300050,389214.70666666667
7625701935,342973.75
7132300550,383953.31666666665
3025059093,2976389.3333333335
8161000220,467213.7872727272
7852011020,608820.7955555556
2599200160,351540.03
5536500020,559787.9775757577
2095600150,265593.0954144487
8910500226,353089.86555555556
1681400010,829865.3488888888
1424069110,740692.5072283272
5127001620,310864.7358906526
7940710070,394752.13938223734
2413300980,287831.5077602019
7853400250,611678.4833333333
9542801310,276158.03087484033
1890000169,540061.6797252791
2720000120,290783.71572751325
9424400105,499169.0357894737
7888780090,280321.49
3501100280,359715.3148484848
3905100220,483352.06970695965
723000150,890996.3803236115
8691310980,737135.5866666667
2297400250,461500.15388888895
2892600056,237498.49226292231
5273200080,549492.2112252271
5145100460,452959.5331154684
5561401260,560044.52
7732650040,876785.4899911297
7504101280,910950.6222807018
8581400345,273901.67333333334
7129302800,491628.75
9551201560,577454.9919018481
1546600020,655241.415077398
2648000071,230437.15927267337
3339900640,229037.2981820796
7853301240,458201.4743589743
943100262,327773.0966666667
7202430150,868329.2527513227
3558000120,343197.0812301587
3890600150,467088.53492063493
7452500315,289059.7733333333
7173700591,667565.8140166338
438000015,660146.8862962964
928000020,408053.98420706915
3830700010,401991.8
3845100640,404755.76666666666
6675500112,334911.5441645392
1773100920,329474.2133333333
9485940330,412416.75495726493
5561000600,478352.19333333336
1786830090,570038.5468253968
2011000020,240550.4928052805
8024200681,412602.12
5452301810,1829998.4
5515600075,302920.43
357000135,1291444.0922222224
2541100010,589212.6778867103
1090000036,574032.4866666667
3459100300,398330.40629020386
2450000295,1001452.6667210567
162500015,402361.03323565336
2592210290,815511.161875
5101405265,543589.0462962963
1122069019,673122.0866666667
7501000220,861635.7458201059
1310900140,330806.2113680111
3298700941,244363.98025252527
1972200382,423390.749650362
5100402764,508543.9674863851
2623069069,671878.0
6372000280,557751.468888889
4305600240,480155.01088888885
2767602094,563957.1859951348
2500600289,152804.86327380952
7203160090,822455.640031746
3521069146,588485.4933333333
824059321,1572668.6555555556
9348700610,806857.1952861953
7228501745,566484.9318021485
6021503656,435066.96848006395
5437400630,581440.3903848004
2207100740,444402.6492888889
7202000220,424241.90555555554
629811340,693252.8164038365
1324079029,301419.7233333333
418000010,197140.7168321187
6303400290,211950.1468253968
4139910030,1200999.1951851852
3023039066,370778.23
8698600395,188955.14567676766
2799800710,312030.593030303
7351200050,1254685.99
8564860270,457814.80333333334
2591830020,385350.71537037037
4139420430,1391346.4433333334
9828201725,516772.09766311763
2420069604,260673.49
7224000315,219839.4870151705
3861470120,2079610.2666666666
3222069151,311397.79803030303
3869900155,391440.51666666666
123039346,320832.7288888889
305010050,656038.194507457
2141340040,741930.8489411375
7504021310,739294.087805506
2436700315,549491.387490047
8732750100,426394.95426065166
3298201290,357245.0966666667
9241900150,1107540.4766666666
1180005220,232970.70868135075
5540000050,303329.6061111111
9211520400,251150.7113814125
2623029078,522432.46
7132300695,419387.64316498314
6430500219,451934.353231547
6084200100,394888.6015873015
7140200280,262326.733037518
3904910610,605818.0264957241
7625701900,492971.86666666664
9432900560,324660.7166269841
1388600110,245656.27305790523
9126101201,378440.63333333336
4224100030,378015.23760683753
1109000390,574168.4333333333
3336000296,269760.5070099482
7504100590,751174.5081666666
2025701060,275908.3333333333
7527410080,671606.8546825397
7304301045,252743.29333333333
2591840050,450586.61666666664
2767602490,444427.2887954042
5494000040,913163.4191415346
2473251090,284900.11844942096
3825500080,471539.61475453555
2309710150,348667.69666666666
8901001335,641439.1183333333
1781500435,327534.1666666667
8835220200,329033.21648148145
4037500335,506937.958703239
1338300180,1905761.6666666667
7968000120,269801.5992932623
686050100,870471.7340923098
1180008315,225072.00595998875
1657300280,437931.92333333334
7856600170,665648.7297498534
4154303125,583877.8433333334
3295730050,635049.9485533768
1777500090,659422.2022988505
203600470,668335.8963492063
6673050020,394156.1666666667
8731980680,271259.47091168095
2273600260,539137.3553038196
1000102,292299.5389197531
4197400005,520891.2966666667
3378100100,264482.4314528913
7856620210,832689.189203944
9275700765,1124519.788888889
1246700136,446336.26666666666
4239400740,175931.17242790887
3306300630,193493.76930132098
2524049056,1237928.1533333333
2023049245,251795.22188425343
3210400340,260696.4810917745
2621760350,301596.17626742757
526059183,437445.2931104549
8078460050,651217.7100463973
7504110050,692164.8178055695
3876312840,421450.9501945292
9268850350,300970.83361111116
8085400490,1184721.5926190475
2722059185,512043.18666666665
3644100101,357862.461031746
1321700030,1271929.0066666666
5608000630,1351019.222222222
825059349,1423859.4333333333
6083000071,227919.41850907027
9164100105,518131.8743109572
1425059145,493548.4633333333
5210200184,551230.5127777777
9477201370,438223.98398717644
2927600630,741682.88
2619920170,786945.7366879614
1560930450,532101.4622222222
2896000510,576880.186398878
3034200067,622751.8706837607
4025300360,362001.6686980884
3362401295,539880.9603239385
2391600555,409246.2
7550801170,519759.8910012136
5347200175,288078.0333333333
8910500471,428242.91333333333
7199340560,466743.8845037403
9266700175,358091.61583333334
808300270,476033.51666666666
2487200875,485947.0833333333
8728100781,281150.129537037
5379804888,269423.9257563584
6619510060,450228.9911111111
5416500680,409809.98703703703
1862400087,465983.0372222222
2126049277,425930.70106484706
4137000070,314969.66152740933
8081500060,2315436.7333333334
686800065,1009762.8422222222
5561100180,554434.4733333334
798000342,306072.20753915183
5603700095,627642.731111111
7151700585,1418450.6666666667
8129700565,675746.6415340101
2782100260,663387.8864758589
7011201106,366762.0330555556
2423069084,526632.0166666667
8141300300,336470.44333333336
6601200040,264663.87
290200230,665904.4223171178
1423900220,241011.55871693123
7303200450,232367.5732339859
3755100220,386933.0329113977
796000235,228378.98125442854
7237501040,1133196.1312626263
7203220400,857050.1753289474
9285800275,732859.93
2061100435,537509.0303703704
6414100025,559173.7433333333
5317100750,2381521.033333333
6145601000,441522.1145454545
5634500775,491492.67
7375300160,605447.464041514
9558050360,517208.86
4151800420,598268.7833333333
3751600146,199118.2672463768
5302400080,601201.8266666667
357000005,838555.0
7283900306,455224.9058531746
3738900105,330375.5261111111
6822100305,607914.6737433863
7436000205,497158.6666666667
3295730040,622886.5253227513
1526300015,429250.2844200244
3294700101,233687.95494047622
8864000970,221380.823906342
5469502700,398470.22273504274
8078520310,263745.6580201595
6154900130,333998.9166666667
8945200830,202263.45064291317
1085623630,423281.56666666665
4013800131,229423.93520270268
2287000010,658242.2527777778
546000930,680959.9570545929
4051100390,231693.7445510058
7203100120,659586.837587505
7523850150,318025.9665906933
3826000665,291431.80394673126
1311800560,223317.47121584942
2877102180,486569.2856026465
3221059044,805405.7222222222
9169600110,509456.1666666667
9510920040,731960.5686435787
8813400155,829157.3309356724
3896100130,1093506.0866666667
2568200740,753313.8654467998
1217000340,324083.74795827526
6430500086,460182.1509176823
5634500234,483072.0024963925
825049073,510450.8576839371
2391601445,1198467.9488888888
7881500330,429039.2211111111
1721801591,144055.58333333334
2473390710,309461.53077921225
5634500891,350475.18178854685
5515600163,473212.17333333334
2560805630,248552.96764159808
8078350280,614358.1422096995
9477201060,377829.06860859506
8827901350,720210.0507778715
3560800040,417594.5333333333
3034200370,524989.7204040404
1328300040,357654.74666666664
2483200010,606094.3333333334
6071800480,437802.29
6200017,239742.56185185185
8149600065,814496.4924786325
3362400615,514405.471240066
7518502945,574047.38329081
8001210120,281255.510982869
8682280340,438624.2562037037
3623500408,1785027.6333333333
3764650070,475965.773943834
7937600380,392983.2
923000580,641645.5
217500005,411997.64760661
5419800510,251811.1563476473
8562901250,548266.337873361
2212200100,315423.5848431938
2310100240,368815.32
8582010240,624859.2139947091
8651410670,188686.84217079516
3330501645,310639.8612698413
8113101232,355394.2633333333
7849202190,331899.6455555556
1864700300,308405.33454290807
5231000060,294405.68333333335
1565900070,232425.9307312132
7555220140,730616.4963095238
7518505160,546760.7659441176
3322049005,791012.0
808300550,421400.1666666667
66000265,363002.36666666664
2880100675,420065.3962637363
1524079156,420068.06944444444
3625700010,1705179.4933333334
3259400024,377472.86666666664
3205000310,396012.4111111111
807800190,275485.56898989895
2783600210,460183.1000252525
9290870040,842623.1927800097
2561360120,431831.07666666666
8857100180,434203.49833333335
4388000070,228305.8474349999
3860900003,1017130.7666818781
1176001119,586317.2320225704
6084600330,241986.88366418745
7985000100,227962.314680971
8026200080,352004.77892144886
3210600010,697784.8875804195
7558300170,471611.81182287156
7852180340,450125.65
524069011,610021.1464222862
3361401011,148856.58958988724
6117502455,245122.5736164852
5602000025,220119.3546626984
4142450490,306368.6111111111
5306100255,380648.88459187886
1795900120,578936.5233333333
1193000280,805336.4281481481
9238480120,551018.1836507936
3630200780,954975.0823214287
1250201130,460622.16111111117
7796000095,1693253.8833333333
8635760040,482912.5132257224
9476700135,277548.89501390717
5249804510,483051.24333333335
40000553,228019.11787527447
3204300625,804418.2415895778
2596400050,396567.61524305557
2724069103,386548.42333333334
3744000040,431402.5833333333
7525100590,411963.5233333333
3705900292,406141.80099809926
6169900790,2062668.8866666667
8127700735,1035009.0916456231
3761700067,887349.62
6065300570,977202.9761111112
4022902050,477299.40464860963
3886902590,608621.6644444445
4107100190,1795584.1666666667
2909300150,653900.9064528021
384000135,468529.51666666666
1005000036,423480.9977777778
8856970530,324726.9931246531
3448900320,571690.6933333334
6713700100,395153.8624161751
2260300060,2054438.3333333333
7273100026,693880.3202861953
1277000020,864224.998271526
2620069113,313947.67047619045
4166800080,318157.9335185186
8731902680,245797.6322222222
2599200830,221132.15352085276
7569500010,698496.8794074074
1825069031,649713.9333333333
4443801495,632212.0855181336
7805450110,691720.7143915343
3345700207,536252.0333333333
1560920450,1070371.1555555556
3629950010,446649.6292063492
3782100035,258865.86
5561400340,809874.6666666666
1898310110,249230.93999278496
2122039094,850593.6033333334
631000040,568276.6876170215
293000145,427751.6888888889
8121100015,384194.04
3205200430,412468.04333333333
2475900565,342179.16
1651500040,2063686.3
3955900500,422573.54
7907600100,253877.22777777782
3123039136,342045.6944444445
3972900735,296933.0872875817
1424059130,472474.97
6792200282,248916.06733037657
910000104,291004.0022222222
3751600784,315225.76250505046
946000295,436882.63
7749500070,333829.4688888889
255550070,350706.9666666667
5151600340,282892.4261965812
5415300060,550187.8628205128
287000110,512031.3566666667
7585000110,203970.1629499779
8121200460,522526.21
6891100090,896721.6516666666
7575600100,281882.35714539187
4240400140,581370.0818962839
4046500510,367878.9
2944010240,1033026.7130591631
3449820380,538134.3378787879
7203102140,290169.3333333333
8665900291,560046.75
1775930010,424374.75942596514
1118001631,1339106.22
8911000445,356794.0
117000100,623409.5287777778
9284800085,441980.64769230766
2795000080,487996.91135135136
123039207,393177.63333333336
1312200080,226724.02226133554
1236300290,1227684.2966666666
7549800168,469628.2822222222
6891100260,862200.5426388888
6072000910,530834.6666666666
3226049184,378171.02
1442880320,499176.868888889
23500190,576421.1726154038
6021502070,508039.6603761371
4168000110,192270.5029819942
792000006,186232.89311071558
9558200210,241096.76158920667
3840700757,630292.0948290598
3876311650,551246.9166666666
1328320800,331370.27005291
5006000170,245416.0975057922
7575600430,255119.92081393732
7686202580,199412.69619770042
2524069097,2211717.5
4292300024,352243.4880398682
2726049071,449554.58
3526039019,737702.3675313283
3300701365,470343.37013708515
1274500170,200155.47498801834
7282300095,290085.01
8562740440,752849.9422411378
3761100045,2208217.3
2877104265,809082.1456099458
7940710100,500435.29944444436
6071000030,868926.9033333333
6448000100,1476427.6666666667
2923500230,2791909.6333333333
6751300375,502535.9389008675
7214810350,463033.54333333333
1088800470,576520.3333333334
7129300420,265060.69099865045
6149700405,301032.6211111111
9521100855,511187.0476985769
1861400116,741413.0417809676
2787460720,211619.57394124524
6073240060,772604.0912698412
291310100,413296.3233333333
1247100035,988353.9893939394
2626069030,1960892.1666666667
1326059085,515652.0214050391
6447300265,3245184.1666666665
8651401270,189476.91412249784
3524039209,922289.21
3226069049,1143790.4333333333
7548300425,454395.9862962963
1438000360,500896.8466666667
1777600900,715475.8859377606
5244800695,559931.1110960221
3387900390,243819.48583823393
1954700615,1157748.14
1026049036,325640.5346437198
1683500180,231812.87733562262
1939130420,652429.407506803
2021200530,1132811.93
993002325,441845.2227784634
2780900220,270962.0213888889
2540800390,462122.66609668115
2919700540,669790.0000827129
2787250090,545155.6126984127
8651442520,275416.18666666665
100600860,197377.32621166887
1437580480,988692.0637037037
3886902505,706421.89
173000140,419046.0426100299
5151800045,529663.1266666667
3010300240,539800.60625
2085200261,317514.99666666664
1839500065,267778.2778740563
1049010300,398006.32083752187
1328340540,324558.27144855144
8887001625,477084.5
5332200320,673033.3007936508
7137960030,273771.363145747
5468780250,332611.04432015156
2436200715,601885.5306362581
5137800030,300855.9339971141
1068000520,1295328.9333333333
5379805121,405445.77
7445000105,448720.8333333333
7942601895,807474.2127777778
1727850350,1065082.4196296297
9407150310,300402.0542857143
5569620550,731496.2173907564
3179100480,528442.6406884645
3624039111,252573.48015151516
7844200050,322207.2044838495
3304040020,380798.9666666667
7739100155,1091507.9066666667
6099400053,210871.17708350558
7468900270,197814.27844350325
396100025,362866.16822169063
1160000255,379415.22685185185
6300000320,367167.89111111115
6392000570,395910.64
7387500235,356960.9222222222
1121000058,470752.65
9828702120,578254.9106265373
7715800310,473070.8648501688
8562740370,724277.2645388684
5637500070,439206.86666666664
5561400470,647112.7833333333
1189000205,454213.05489047983
2412100025,429293.34370370366
1073100065,327554.9340862171
5160300020,530890.6598281383
2770601677,519667.19496002106
5104450070,410795.4780952381
820079043,413638.6666666667
751000190,371114.35
1823049179,363252.39666666667
7430200060,1251301.5333333334
3331000035,615283.4363736263
1775910370,609282.8833333333
3626039299,508981.83
1546600125,669536.55
3260810150,330528.90555250307
6817800330,320831.1066666667
414100045,401314.3162003968
1326039061,361275.8206172839
4055700030,1166758.13
1225069038,5227372.333333333
2296700260,462168.3961633766
2822049160,222687.99691191365
3395300260,516339.2730853641
5144000036,352377.25
809002290,790958.3267389092
7334501410,312476.37874396134
421049114,172670.4865340366
2623069010,938807.0966666667
1133000144,585279.7211130536
705710290,333008.5311904762
7313200120,607183.3466666667
1269200150,269813.02
9264930970,322946.02
6819100020,2141953.066666667
5112800421,280040.09805555554
7846700850,267536.80916666664
7227501450,249686.4711500975
5451210150,589723.42
4140900140,429556.46590833104
3537900180,766899.584107744
7738500475,456414.1566666667
3541600450,421387.38
5379800040,311498.73185185186
6664900330,272916.82146825397
6056100312,386584.8
7766200013,509598.29333333333
8651720470,449877.77083720476
5690500095,883962.45
5423010180,835441.685026455
3204300610,515829.43280902115
3425059066,546762.1160070306
7856660130,1125352.9366666668
2954400520,1244216.560873016
2327000110,869850.7273933452
9526600340,698063.014074074
7695500200,411152.29333333333
7237501180,1213151.4766666666
2008000550,268470.096402869
1123059126,500291.0303174603
1775500371,764510.1873015873
3459900230,1885620.5
2619950310,474412.8141798941
1771100330,321763.8407539683
1321059097,432275.37
2420069278,294769.70111111115
3832050570,305290.03571428574
7132300525,495460.8155555555
8691410700,740321.4058445259
7967000150,353857.75666666665
1328300810,351303.92246031744
711000110,1402048.6841666666
9485951460,421033.3538461538
1771000970,341106.48809523805
2817100900,240060.08951058198
6817800630,351419.0777525252
3558900450,540874.6138888889
7215400770,397982.00333333336
4222000320,210885.69566992696
2791500270,275250.5542081737
424069018,811115.1380079365
9547205180,740096.3431372549
5631500947,543591.204920635
1425059193,1129829.311111111
567000775,469530.506728395
3904900610,503260.1460022063
3649100346,443881.22517071496
1624049228,525201.4355555555
1559900080,369360.7893162393
2919702040,656599.6772751324
4013800206,210856.1873215156
1025039292,1324322.55
2771604640,763166.4537451115
7203600550,256055.90265873016
1545802830,261615.27053240594
3303910010,653474.6076190476
8617000060,912811.2670029239
7889600190,261302.00052029386
3325069064,543313.5906593406
6300000337,595214.6696551724
1172000150,321180.5
3348401319,361206.84111111116
4188000490,907648.2329923181
7779200355,593444.38
8029900110,459237.2233333333
4060000290,214681.06457785043
9475710040,390079.0
798000535,252548.1305666543
6415100410,407368.184375
4299700095,317127.72
6117500955,440028.5966666667
2421039075,227373.25987179487
3362401935,543392.8159765584
1545800205,275575.1622271663
7645900235,729738.2
4141000060,1216524.32
9485800050,662152.35
2436700280,774602.6116666667
7335400400,223312.38507634486
9294300495,785032.8246031746
6649300190,443340.9682539683
7950303270,326466.4866744006
2391601010,455411.61666666664
8129700728,606744.6892324276
7871500685,593751.4194558817
1498304065,598881.2608180707
3862710010,429774.45
9209900335,548662.8521513364
952006857,365963.2766666667
2322069168,555609.8733333333
1775801090,432086.05862809875
5700002165,578856.104039479
4029400080,399919.399053266
7796100080,921327.83
9279700150,1808361.8
3876200060,441996.6322669211
2934800025,332485.1024242424
9359100101,946428.712121212
3330500335,287135.39977008174
4027700466,407753.34983348544
3204800430,461924.70111111103
5415350770,718424.8611111111
1443550020,513127.787037037
2810600022,352545.6766666667
1238500281,530822.0831546232
2591020140,452488.01555555564
7137900960,243527.9091526856
1328340630,295121.29445874784
3529200190,334687.11691529606
1624049291,839673.1358119658
4083301120,649734.1080252839
1873100060,729787.2167320262
1773101159,303052.2077820573
7214700350,510075.5248015873
3856902250,564587.8870139581
7169500130,532983.0964851823
4038300010,410800.5111111111
9578500810,426445.18666666665
3345100184,361867.2077777778
452001860,496787.2244320202
7905200037,541987.6265128205
9376301110,502664.92047619045
873900240,309853.4533547009
8682262400,409247.8309327482
7227500910,206095.2464532164
2392100090,482492.25
3221079050,416407.2166666667
4307320280,362871.36000000004
3211270170,633914.9766666667
726059483,705430.3433333334
424049043,1010939.085
6865200140,626857.904511153
1155640050,426146.1593137255
4139430250,1274296.9333333333
818500100,191719.82555555555
7999600180,224811.04391534388
4099501215,915593.6666666666
4046700140,355520.8744444445
8857600490,207177.17791309682
8677900120,472187.6714814815
5379805253,194552.5359693236
9211510410,219230.34268050457
2337000150,281375.37292096793
1423049029,267105.7820125892
4036800580,475852.7254665242
3942900010,366498.4312865497
3438502715,373244.11666666664
7625702441,392561.5
3905100610,502107.876984127
2218000335,487864.9467455309
3034200516,400104.72222222225
8024200625,408973.37381765223
8564500020,334594.30174603174
9550202700,487102.1222666667
7518508625,593197.6731342212
1822350070,385534.24080246914
8921000040,833431.5677777777
6648150090,1718974.12
2402100675,663280.7515758071
42000127,288679.7959259259
5100401160,478999.25189420185
7347600507,256648.500063731
1839910300,349242.9727454028
1250201550,833337.2466666667
9460000010,293001.823826071
3356402232,215614.07151200654
6819100150,629850.253452381
8645501330,266894.8514060688
1556200005,948575.4
40000228,195461.82330824985
7300410010,360672.51212121214
4299000030,361597.7035742036
2629600016,488359.85333333333
662310900,371501.51545454544
1909600046,517795.5733333333
7893207490,229896.53581037323
2524049318,1851697.4333333333
924069210,735891.0895802646
1591600527,360471.3955555556
98000060,1325642.774074074
6392002020,665462.9885714286
2719100400,450851.27
8018600655,421262.7506057423
2141500020,431195.1666666667
3277801580,531543.73
7237500110,1080379.8533333333
626100023,570777.18
4319200820,361127.13657142856
1422029138,595738.7833333333
9517200610,349508.70441996184
7334600280,300662.3992063492
8820902400,493697.9128703704
8944600060,518530.83666666667
100100050,327795.62259446544
8074200100,256874.38976935373
1836980240,801442.4230464282
6648500440,311734.2994159589
9530100225,639523.9516443347
2883200875,623610.841037296
4218400175,974525.5444444444
1022069183,626782.8366666667
6398000171,492261.77
5021900160,675773.4642857142
8078410250,545652.961559253
7972602490,340535.26666666666
1962200435,778823.7728205129
7221400285,257572.25685938826
273900030,242201.7130501671
2708450020,509048.5266666667
4083306616,433775.94296658406
3034200435,544647.8333333334
7855000550,1218385.8
871000155,622045.9451769479
8024201714,539544.1744444444
2625069038,1348471.381818182
2324800350,854666.9657453527
5450900010,1637068.7533333334
1822039225,529620.5633333334
2460700700,299166.1890794604
6679001060,316180.4574603174
2422059111,352944.44666666666
1250200345,343805.36333333334
5589300370,331789.2320199898
2021201000,1399140.7166666666
4302200336,257819.3
1328330290,330383.34222222224
3438500781,412481.60444444447
5453700020,747452.9117948718
123039147,426765.82
8691310070,871783.8497777778
6450303785,336565.91333333333
114100234,452343.742962963
9212900820,568635.7378343293
4270600025,324265.9619871007
7201600190,496754.16665007564
521049227,938001.3533333334
6300500479,404691.5948888888
1432600100,225429.31899775754
1024000109,376813.54
1430800100,319512.86666666664
9164100125,598598.7842103448
1925069183,448000.2977777778
7852160080,939703.1
5317100780,1521872.8133333332
4083304835,576237.6040432098
9478400080,796356.704294069
4463400195,236878.39898635476
4232901525,544317.7550830574
3845101070,398427.7
1843130980,307169.31224182824
3810000480,288010.62025793653
7137960440,291526.95066141593
1231001115,392107.94666666666
5101405340,496505.05333333334
3723800409,609765.9433333334
8651430370,198704.80319336217
6135300010,252422.89571428573
23520380,512367.1708580316
2935400100,514022.4136499449
6137500320,934262.7136111113
7841300230,333715.1844444445
3521069051,443323.7033333333
2621400080,309058.4009104779
5104530240,274228.13333333336
2022069200,439631.11
5469501850,418751.13081349205
9206950110,329528.76666666666
3298300210,368459.6773809524
2810600015,397852.88333333336
7298050090,502912.6516666667
7202290620,450497.1774801586
3211290370,440685.9162318841
1591600506,397425.26
2827100070,320171.3776190476
2482410130,381177.9746560846
4364200125,439003.58666666667
6388910730,540531.3033333333
7436500120,534349.4896008403
1822059156,688225.2077777778
9432750190,490741.36888888886
2205700405,441189.18706666667
6056111370,317495.3439105339
3205500160,416250.48039065104
6139100076,370841.9899730639
723069135,413305.5933333333
4123830070,339188.63611111115
2472920740,446112.5
6134500220,613911.5873403563
2734100395,282642.2974074075
3574800090,446123.9210978508
3126049107,556481.7322222223
669000210,1044881.7333333333
1139000620,315538.5733333333
3825311190,707476.3492857141
7300400320,374287.3414814815
9407150250,308015.45777777774
3679400503,304204.3452119514
641900050,465729.0625356126
9169100130,565957.1166666667
8091800140,336696.82539682544
9547201155,537544.2497205699
4154302045,295532.6496296296
6638900265,736473.2286111112
1423069063,440479.1666666667
3335000025,473955.1062962963
9269200650,288825.27684210526
1781500180,351805.93333333335
9211500520,212546.75221150965
1853080150,898318.0250225441
2767704756,475372.3136599563
2206700295,440789.0
2557000380,279787.91402298847
11520200,777503.7332865375
3832710680,249031.3108401946
2569500210,333227.8845697168
5230300210,262371.55398110655
6447300225,1407112.6666666667
5035300325,1140905.36
7853301660,735809.6666666666
5411800250,353836.80666666664
7203210170,692703.1916353141
4302200415,295195.42777777783
7942100290,218224.23040136904
3629860160,818224.1808465607
1423069076,593239.1733333333
525049085,600836.1339033189
3306200230,231875.372748714
2193310300,443835.01
7978800621,262541.13722455647
4027700632,442651.18302068306
1761100190,221382.7622178953
2749600245,593007.6486513738
322069141,465412.2476190476
1900000035,168665.04
3361400190,208391.71641968997
1604602050,579558.6630158729
9421500160,440369.6295876153
7788400180,340629.28427377227
1566100625,487282.02917189134
3861500340,248007.43579794074
2524069072,367346.51
3013300980,431836.0333333333
4191500130,665454.797956858
9407150130,297329.15428571426
3904902500,705987.1910048523
9510900140,233009.535
3368900084,321787.2942279942
3432501415,284014.9085396825
4254000540,507567.2310744811
2767603250,548140.9792842966
2923501130,642664.2349601464
9183703045,275186.03108946607
5279100675,311751.16
3905080310,528484.6968152218
2461900375,652315.4444444445
3346300356,507153.29333333333
1865000110,385651.0287878788
9264930400,308519.22833333333
3447000100,616954.273224602
2313900510,476544.4033333333
7518507330,590047.8004606781
9368700270,241390.44359567895
1137400420,421211.5444444444
2023069054,339817.9855555555
2141320230,595697.320112434
9536601295,356696.3388888889
2424400130,424309.21111111116
5210200081,492497.368888889
4443800785,585092.7171350421
7292700005,558434.2233333334
9834201205,309025.23508771934
3275800050,257485.72269116426
6926700654,678440.1001587303
7511000140,1467358.8333333333
6821101895,646834.1696969697
8964800695,1033561.84
6821100195,660554.7405991285
1226059105,623479.8233333334
2806300070,1259545.3777777776
1720069029,359233.33666666667
6384300020,462511.2375
8928100125,630873.6215908608
8562770720,559128.7039552337
8650300130,806329.0116666667
2126059172,446850.0704761904
8812401450,772168.1373112072
6646200280,642744.1015177625
4021100045,509293.1244444444
1155620190,419708.63267741556
6061000010,381649.2633333333
3362400472,406221.58666666667
9558020240,489357.5266666667
7309100270,545120.3841294263
7137950210,324921.200518648
7849200635,247231.52571428573
1311200460,273671.88244444446
284000095,1251201.26
1509700050,317572.7426869498
3438503014,303169.9766666667
9406450090,365897.9807407407
5096300140,416577.43833333335
8923600020,1526830.0666666667
809001070,694861.493939394
2291400342,325135.575
644210020,823299.0751851851
6700390090,255202.33407002478
5631500285,743316.27
104560120,277623.9324382716
6413100311,370711.2055555555
2558700090,446631.957977208
1471590060,739455.1754077496
8914100170,579496.786984127
5652601035,435808.4666666667
7852120140,718346.6666666666
6163900952,371859.3789883693
5215200050,1014157.1266666667
6352600490,795973.8362542087
3912000020,582561.2883964184
8830400135,239797.63910223157
5467500040,413946.79
9406570300,414967.3
109200390,242800.08124416435
2025770310,859839.52
1939120450,673078.7850758501
7524900003,2864796.8666666667
3755000120,340576.62430535606
2473002850,527036.0933333334
7625703945,409593.62
9477000190,427424.8568572707
1727500230,426356.3491063511
7011201087,495082.2087301587
5561300750,502926.6433333333
3969300030,210138.23961614788
8097000330,331025.4892055167
2025049064,708983.6126190475
985001321,272863.8476190476
1775500050,409223.3
8849300160,399209.07297758287
2316400285,513344.19333333336
2423020180,555600.0926436781
7128300500,595814.4948148149
9512501400,458618.0305096074
7200179,170642.034701834
5490210670,546861.5795346319
9527000330,635027.3016230937
1972200326,518181.43373779726
4151800195,614142.348888889
4046500320,352093.4855555555
9834200885,418856.22888888884
8161020050,594005.3935847637
2891000750,216061.7109452678
3426049031,1321235.2833333334
7387500195,310807.7944444444
6303400395,174742.33611111113
638100015,385863.98123456794
4107100204,1790713.1
537000255,210402.799857175
985001266,299835.9303174603
1137410040,475976.65
7229900250,267261.93055555556
3905100840,477783.6089254449
8100400160,640683.1859453502
1346300150,2988073.3333333335
1443501020,224272.46666666667
5490700035,388101.0580287583
1954600050,417564.68333333335
8122100690,403539.7033333333
3663000070,479421.362962963
5101406375,492064.3794496691
426059055,576195.4094805195
9268850160,436152.5347619048
8731800840,246050.7991582491
3331001910,320527.0541471861
7603100020,780844.4166666666
809002705,825097.8144444445
4364200075,286510.74
1113000430,176569.51448857246
1176001117,548859.3319514472
3320000212,386245.27037037036
9286000150,1285629.5944444446
301400830,263080.44725080766
425059024,666307.4421885523
8835350300,535217.0855555556
7100000135,281143.50666666665
7696600240,225830.47831733196
9808640320,1278437.0713675215
3764500180,589779.055
326049060,588930.0666666667
4017110200,462946.5213170673
7224500300,234468.7684980909
1560930050,470231.16
726059395,430031.88
8964800890,2257285.5
4045500620,641618.5992592594
8562710250,958475.4194444444
1775800710,350369.48236582556
9528102865,768364.2583802696
8096000060,579110.45
1591000015,264152.4968159859
2310000430,274560.45985119045
3902300350,660830.5061904762
4068300280,247105.94075194935
8732130730,253172.1114855515
6791100410,515875.5626508176
7660100236,359992.98000000004
2568200070,870434.1938219656
7697870310,254717.97692437752
8562901100,643890.3842337806
4016800120,298609.1609523809
7338200180,586072.4666666667
6791400320,261287.95
616000200,405613.11
2917200675,408828.5144444445
2926049086,594143.2033333334
3621059048,435865.84
7987401095,784619.3266666668
5589900590,377987.5778441275
855700170,540561.6357724859
4030500130,315941.04199999996
1755700060,364609.38194444444
2413900050,657980.1162619047
2489200250,492385.36666666664
420000085,237190.8177487519
8106300820,481322.62666666665
8651730580,448947.5532794907
8106300090,466499.2
9842300095,444029.76666666666
9477000280,412204.83211650944
2877102495,446680.4711621967
868001030,1051133.08
8564860110,554008.0866666667
6762700452,536578.0256709422
3294700310,204583.27208175848
7231501665,242044.9361111111
7525900050,630700.4871428572
7882600326,1416899.9
104550690,302383.6283641975
3425059076,1656094.34
8835770170,2221089.1666666665
2581300010,1319372.12
844000180,253575.14583333334
7888100240,236870.90165381922
3845100670,476504.0966666667
4027700812,496777.73125
291310390,372131.85333333333
9550200370,623191.4542012772
2328800130,287130.8998547963
2372800100,237192.1301610899
2923039264,599122.6266666667
9282801720,304157.1949683016
9520900230,596056.8087037037
985000955,253423.0537777338
1099600090,217117.21743961354
9211010320,528248.0766666667
3825310820,797867.8374985568
9545240180,574364.0726984127
87000245,181293.50775462962
5041300100,599518.1557882818
3624039150,260453.21722222224
1370804430,559476.7307936508
722079056,452524.61666666664
9126100815,508746.2790404041
1770000490,352704.985995116
3995700250,370172.8949602872
7214820400,429278.1039413119
2473411130,326195.2695238095
1824059079,951459.1151282053
3080000030,548481.7404575163
984200540,313306.9144092204
524059063,1880554.6333333333
9482700475,744239.918825038
8024200820,527094.7305555556
8568700015,368186.03239506175
1223089050,380200.1671428571
2205500400,453272.3334706959
1279300085,737754.1036923077
7376300085,476339.20666666667
322069020,458436.64666666667
291310150,365996.4666666667
724069059,1614046.3444444444
5255200220,455710.8959367481
1931300850,521026.5752302324
4427100105,389895.4977982456
2881700231,352030.7142277545
8641500280,311055.0466666667
5406500440,679594.8010480171
8078390150,692109.5896339334
8945300090,210924.40420292012
8819901030,822937.9143656841
3179100220,729188.5045454546
2126079046,379340.82170940173
2621750350,317126.802999223
4014400190,486589.69
7853420110,585163.2966666666
2114700368,302012.52777777775
3438501081,279694.93596763146
6850700670,1018912.4538461538
3352402272,257014.623507256
4157600150,669225.9505263638
8151600941,321270.0222222222
5160300030,546343.8646156813
3820350120,318183.70666666667
7338000800,187730.37044083694
3359500110,766103.9124756261
8016300240,608808.1531553632
7203120050,803233.6930555556
3322049201,258662.4533129833
7231502505,203654.88210776457
8106100105,2764543.6666666665
3895100039,807216.6940079364
1001200035,228936.66807305862
2724201202,239468.716565934
4038100110,521496.79594397964
8827900015,570722.4812341492
2644900109,411184.83444444445
302000375,236508.06368055558
1604600095,398055.92277777777
2600040160,683846.9740740741
2129700525,341043.81666666665
603000555,375201.1666666667
4083302225,929376.5191320718
7298000090,462889.0377777778
2484700015,554928.4333333333
8945100320,217506.22929722452
5112800042,476505.86666666664
8091411100,286899.94093395094
7375100070,482308.9489880952
7577700061,532343.2090476191
7923700030,467070.70857142855
4235400186,442071.2833333333
1498303700,799964.7718253969
3876312350,444461.36590095086
3797001815,476880.792962963
868002015,1263611.5666666667
597000550,466998.9280776014
8956200530,422281.23
2207100165,468021.6060888648
7942100180,219034.0228186745
2468800040,365430.0333333333
9842300036,365256.78
5700003985,1982447.5
2988000070,381770.0982326958
8857320260,551367.4548148148
2600040130,552621.7700132276
6632900452,594544.9
7518505910,527336.2577591
1672000170,631117.6887719298
2597800010,595244.07
8562790720,730694.55
4219401080,1621978.6333333333
7000100711,888182.8822222223
7954000125,615566.6372222223
5700003640,2232948.5
5700000275,779267.6283968254
4019301205,470528.27838838834
8943600360,265158.0017251462
2954400400,1268110.0000000002
1321400060,277062.14944078145
2255500123,616211.3022222222
2781260070,420715.88333333336
1313000220,682445.8706932772
1125069153,1475889.666666667
8899000310,246757.43338506
4139450360,881191.5732927783
5511600315,543130.1138622337
3575302575,558769.143033242
3226049054,531631.6628360361
274100090,350973.4184523809
1545802080,246529.7620845262
6669020500,321219.71069264074
3307700405,523113.06825396826
3760500407,1465713.4833333334
7853270100,691339.63
9320350020,588733.1474098124
7715800430,504764.4407017598
6791400100,348824.14666666667
7708000010,414005.9388888889
1448800010,271058.1604784624
1782500035,334227.69
3449500050,523782.07666666666
2856100515,834584.0392150248
1245000461,1113911.98
1219000043,336978.8742063492
5409800110,352825.5155555556
2680700010,706945.9676785715
8143100350,368838.63820888405
2597150270,270270.11201664485
2966800010,337229.3270440252
8854000010,756135.6733333333
2207200635,409958.42555555556
1722059222,291045.1399194678
9358002305,298467.21937936137
6392001950,483897.05398268404
3630080070,416344.22571428574
3797001702,1080235.1
8127700440,698995.1139329805
1446400785,216922.59381636052
5016002275,946166.375
2818100060,1224686.61
6431000748,373626.35634920635
7972600450,317081.2
8078570380,325449.3843555264
7889601320,211108.57312450057
1762600280,930305.7466666667
3026059085,1716321.5866666667
3475000080,710936.2483333333
1370802620,620662.6828538128
5151600285,281016.19952991453
2722049218,341511.6703501401
7696300080,419509.34350409964
4168100020,224455.07699053676
1474000050,413068.4841666667
2473480350,334213.4555555556
1139600270,300955.97324857773
6699940120,351500.81484126986
7016100120,409690.42246508785
6752510010,813519.7024281967
7915100490,602590.9433333334
984210170,309691.48446734186
6159400030,413508.8694642857
3013300968,371468.2833333333
6404600006,234773.54678418805
2770602170,429552.50000000006
1922059401,229750.25722222225
291300010,383473.7633333333
3856905185,547656.4774215105
7304300905,324709.97874458873
3416600185,601715.2288888888
1786810040,751047.5626916222
4354700010,396311.2799638186
3902100175,739880.4133333333
4305600360,469825.71047619043
3622069114,625458.6666666666
4376700570,618766.7989927849
6795100589,629191.79
3344500085,430288.44
2206500105,398473.25651111116
8731900880,456701.76666666666
1682000160,206815.55263383203
5104200380,264918.8753090242
1982201595,559034.7853607094
795002190,233689.91673825035
7228500375,574152.0560529204
9412200280,438538.52
5071401000,954558.9833333333
597000566,325784.8233333333
8151600101,185757.64325426944
2028700265,538248.2961860056
1670400090,220015.49307451324
7851980100,1125401.9166666667
5595900345,401427.93666666665
4046700300,333375.81
4324210120,279085.2744161595
2616800050,556583.6133333333
1525079069,969561.3133333334
9828201020,516520.0448929458
2723069146,655954.6155555557
9468200100,578566.3157431493
2883200961,620855.0451482172
1137300690,665460.9166666666
2473100280,345083.3956060606
723049448,234143.78900462246
3066410810,679529.314974359
5700003280,1158073.311111111
9268200440,421096.04333333333
4053200410,350783.87333333335
1234000704,1298151.3733333333
2473372170,428844.76
2523039239,237724.38482106786
4324500490,218633.97298922346
238000244,465235.87333333335
1105000571,409860.8062626263
1771000430,333773.48092063493
666000142,721701.0501831501
3389900800,425469.05333333334
3578700017,581810.970959596
3629970190,755433.0715984941
255450250,323156.3155555556
1154100205,298919.7866666666
3629890190,1073030.7466666666
3905080870,527877.9240986014
8155820110,297662.1064487877
5135000170,746862.9033333333
2464400435,615004.2421479446
9482700080,605669.6379875679
318900080,461864.3869444444
9477001410,410501.62891136616
825079019,603785.4074074074
1471701200,429215.37333333335
5606000120,814103.1070624746
7853350220,607120.43
1776460110,469687.1375
3904920980,682356.4456041002
8087800430,565644.4611111111
3298200320,402610.655
9122500080,293824.34111111116
7893804845,350202.18666666665
1370803730,677362.8073851294
8001450170,281249.1272727273
5561400260,706579.46
7308600010,767376.3125
3524039060,377795.43333333335
7300400150,348855.20656565664
207700050,573667.2050216451
5595900355,237826.1275573192
2652500285,811872.3369462055
6744701310,1237699.2
525069127,1371819.1088888887
3334000050,366547.46607142856
8682220390,709337.797948718
4038700380,575297.647420635
8073000265,397922.66333333333
9521100960,797932.2742979242
5634500688,1020077.6666666666
6813600440,475629.3859523809
1072010350,479542.6055555556
7853301700,650999.1633333333
5141000571,329804.0088888889
2013802060,579966.0333333333
7852070210,1273034.5555555557
1402970070,332659.29
2310040020,372489.96777777775
646910560,244450.00662457914
6647400090,442005.5441066734
8682231110,553380.0256507937
4376700330,574877.7429678328
8069000075,717648.4733333334
7147600220,220402.43783591076
4142450330,280756.916386083
5101404698,474254.48280890135
6154500070,933074.3548809524
1592000640,615195.5900210509
3756900027,616088.5
7203220130,938168.8533333334
643300010,509012.33055555564
8651720150,489611.5555555556
4139400910,731645.3994375301
5054800110,332976.02873015875
8835200330,394874.4477777778
7682200340,266381.8943155237
7203600745,370682.26
1895000260,233641.95625
7922750020,571725.3748479135
5437200050,453072.11666666664
8732160250,258247.56020828616
1442870440,494020.18222222227
1471700410,423406.97777777776
3204800330,394910.1011111111
1923000160,915552.43
2719100013,426165.24666666664
3814900380,375765.73333333334
326049038,475977.1066666667
1068000110,1101120.1333333333
8835800010,1098598.6222222224
1560920200,441244.8333333333
1668500090,703210.0083333333
2597530070,837032.7955555555
1139000035,602396.06
8032700072,503240.37357005297
7732300390,737073.9252864877
5130000080,475022.05599420844
9276200890,530618.388888889
342000036,556703.747142857
5126300060,498621.0775555555
2331300505,726914.3407478369
8651410090,188046.02125717798
200800330,422987.1589247789
7520000616,325625.7111111111
7170200110,474805.0990121099
3021059155,205739.36007363553
3582900280,1144997.5
7340600845,233521.21947358758
3905040060,523727.3395355691
3224800120,302558.2122087912
6021503740,522488.7492118573
2570300130,449845.1983333333
8121100395,571004.4666666667
3356404198,282593.0266666667
3630090050,744270.4566666667
923000413,449464.8316216091
9201300020,1490873.0533333332
1777600210,590388.4482228446
7738500731,3571630.8333333335
686900010,1094426.34
7967000160,351249.3377777778
3413700130,586060.9633333334
7852190290,570326.1691919192
1180007375,791543.3333333334
3353404510,304172.42
7802900380,365239.9666666667
8021700715,627530.0606810036
3205100080,496839.6475
4477000290,546383.7433333333
1118001645,1481276.1333333333
7979900806,327655.80053242325
7228500415,677995.7285714286
7212660640,318152.85835056665
3826000735,205722.12734374806
7714000250,450325.94
4400200057,642915.0156782108
2487200279,610260.0833333334
7140700690,284567.29071895423
3304300080,556227.5180952381
2887950110,256369.23156841443
3760500222,863725.3033333333
9269200786,392967.60333333333
3734900110,239045.51260249555
5045700400,548505.45
2140950130,460517.82666666666
2612000200,387743.17625
8563300085,406391.3147899913
2425059173,646552.5212766962
8091410930,297594.4286144049
9422400035,608486.9566666667
1112000100,675903.6666666666
1323089056,412385.49333333335
5015000596,980140.6223088022
1535204165,498852.5133333333
1438000430,471626.3922222222
3222059130,536869.7566666667
1982200330,620415.2854141291
6624010010,234970.62409995997
2303900035,4800701.666666667
259600620,500563.10136817227
6072500490,520106.5417989418
123039633,367123.6047619048
8562780090,324611.9831837606
5249802240,611967.7522222222
6071200400,568234.6478148148
826069002,334701.8933333333
2625079030,801089.72
6742700210,1318406.7666666666
9253900408,1866555.0
2560803085,211688.68725829726
1237500540,309009.76666666666
425069020,1317485.4444444443
9185700440,2344166.8333333335
8656300345,349236.29333333333
4245400045,266487.73349206353
9834201370,383391.5522222222
7853300770,418485.16
9551201295,516488.4372557691
898000220,235802.51574074075
3834000720,342158.31663974916
1245500690,805246.5170005866
4083304190,630870.7180315054
4178300080,773920.91805291
2960900045,611348.769037037
1446801030,255185.3282121178
7855800910,736068.3188888888
7853310150,642393.4066666666
8732131090,280385.9970614932
7967600285,448864.4871794871
8651520510,574714.1250291229
5379802650,248932.82707785114
1425059174,474384.44967086473
627300105,880217.9733333334
3124089049,473209.6766666667
1778350270,736653.9482429689
8691500410,410905.86333333334
9169600043,598194.78
100300500,330651.7966666667
3221069054,746787.3333333334
4443800385,697243.672000407
7922710450,713207.9188124099
7880020030,654506.9133333333
3288020050,346290.72777777776
4136980090,805737.8333333334
1687000240,283792.5688888889
7812801785,225652.17389883488
1126059144,656425.05
792500260,360245.23333333334
3222049055,815219.28
8635750090,684635.5077805658
2767601280,917807.5850809717
5347200162,277229.35333333333
7503800210,270001.1862380953
3394100020,1016743.6375059102
7663700783,406702.66480408824
9454200030,373924.39875
3791500050,330795.77
582000185,606273.9904867561
3211230260,448145.8333333333
323059103,369199.85777777777
7297700055,351264.7315216925
1545805460,240495.7018313223
2341800195,328685.08222222223
6648700150,283528.2975733526
3860900035,1682323.6
1980200236,579863.3266666667
1180002745,341410.37166666664
3275890310,675198.4016738816
6840701100,545223.571031746
8651402750,159242.77984149492
1588600045,449539.21888888895
2422029094,347479.7633333333
1702901500,363807.746
3755100005,467177.63666666666
3624039074,315584.95166666666
7950302995,434967.505984127
5273200060,596827.4281309055
8025700460,272684.0545704886
280610020,1089192.4
3333002450,399868.1666666667
7379600240,514016.53322069603
4058802300,335458.14304473303
302000065,187863.391241782
9527000180,597999.5111111111
3626039403,375233.4023809524
9510900360,241397.58051356056
2310040230,362990.7111111111
7308900490,554576.5
2206900065,455612.56333333335
324059161,961700.573373016
7345310100,238937.35119047618
2422049107,331795.17888888885
8146100095,750596.4877777778
87000283,370060.0030952381
7937600010,332981.28
2618300350,246017.58555555556
224069102,488845.1735209235
7129302095,243560.49025815458
7352200025,1262365.5
6163900333,335837.85173955717
3528960020,705718.3776190476
1687000220,285839.6455555556
4141400030,579571.7408527584
1822500160,339068.60818858043
5467910190,380797.6666666667
9331800580,297517.0204000026
2407000405,203380.2098355746
5466700290,283495.87751936953
3026059361,527142.2833333333
1523069096,509641.76
3876312010,456165.99644133647
8832900135,952536.2866666666
9238900616,573475.5333333333
4142450040,298317.1418091168
9282800065,275387.37731098046
5379800862,344829.725462963
2459950010,278124.2489170089
4435000520,219195.5574405524
1552800010,332647.6119444444
7549800543,318195.0733333333
9828200460,407941.19777777774
6345000160,1026793.5157509156
7129304105,330792.0693236715
4302201005,335638.2866666667
2450500110,750231.1844933633
5166700050,515623.74222222227
1085623710,411492.45
1123049129,258435.95323300303
8566100200,1089632.4533333334
1774000780,435833.78378800466
9492500170,856221.235814211
686530530,641672.4753968253
4022907770,559543.6111111111
6052400975,270372.8514832454
3438502501,467204.17333333334
3758900023,1091416.84
1645000580,249064.76666666666
8099200030,247453.18632613256
7635801371,491423.88666666666
3456000310,886557.4266666666
2025059150,719257.3544444444
2624039114,464124.8433333333
3348401095,307359.14444444445
6633900170,544706.1091666666
2600000510,809653.8
9414700020,349127.2617243867
3204800520,398394.0133333333
1844500025,341058.38398667116
4137010590,383189.74
8564950280,536269.0245454545
1338800491,868646.3032659933
4058801702,1220165.0066666666
461004720,551968.7625607284
3123059107,560658.7666666667
6819100380,585059.4578481908
1193000390,1043704.8333333334
3450300270,314279.1457850918
3110800040,269312.2486743607
1437910090,553813.1072222223
3645500050,434324.8470614571
4338800600,256247.51649455374
2114700530,324403.2833333333
6381500450,367590.2244168245
9206950200,311606.6951633987
4232900940,742710.8412842713
1025049174,1107600.2322222223
7774200070,649309.2133333334
1231000310,407132.2633333333
8155870200,299321.69727777777
7935000625,1124052.57
2426049079,299737.5100653594
4037500230,511346.8333975469
2331550120,336092.51587301586
7974200765,546561.1060672197
686200510,571300.5469657104
4024100670,499071.7644444444
3834500195,503269.5833333333
3526059115,600415.6799326598
7950304075,311251.6709325397
1386800054,362475.8790964591
9834200165,598948.5223299663
6147650300,352071.56625
6891800360,567394.6666666666
9170500060,573800.7244444445
65000260,778882.0
7784400130,523564.5133333333
7941140070,381739.8428715729
2122049096,201955.87403913506
6003000851,337247.52111111116
7203220050,975788.89
8898700960,316768.586820674
5245600105,213568.45035441543
3530470190,194593.29650676512
7883603965,269966.5977777778
4022902505,498147.06669465266
3211100240,329247.6625995807
5119010090,649278.37
3821000100,253045.4442294241
7301300050,402762.62147766264
2171400197,405685.196320028
9471201175,1585655.1
2473450200,396005.54
2258500045,469534.9377777778
1139000400,475481.44651851855
3298701025,255102.0
1498302774,379687.4374074074
9276200190,589215.3528571429
2909300240,660509.0550162942
1250200693,618189.7244444444
3101500010,339894.02075420873
2557000630,260514.19180076628
1324300091,434442.44416666665
2826049260,444874.1371564328
3342100421,699687.1966666667
3524049083,359720.76666666666
9103000393,1384726.87
3121059033,286180.93
7853240200,604931.2933333333
7950700120,286146.9514814815
1822059057,163094.31051282052
1219000473,335130.4341010378
9272201385,759743.6402727274
1336800185,1308671.3
9268851630,446638.00253968255
2788400315,255769.14506711974
3529000930,584809.8199196759
5631500967,446401.31047619047
2188201010,251512.91
8562970040,707975.3666666667
4415600030,343113.3566666667
2473251170,296798.3125505252
7511200020,571278.7323279802
1163400020,280688.38
5412400180,251397.77724090472
255450400,334665.1691666667
1687000210,284345.5722222222
6749700004,315808.75
2738650030,564643.2033333334
9136100420,732238.1920926134
1924069115,798752.5644444444
714000155,603094.4153695097
904000045,723035.4920868349
3395070640,315892.6342424243
6308000010,607652.7828048063
2695600130,366711.99333333335
3626039279,409552.45511407516
1623089039,271031.70777777774
3438501327,311008.2257309942
8118600025,377666.87
7625703435,801722.8733333333
1807900300,732124.5619368936
1862900360,303081.7032621083
2768100186,494919.7437288369
2524059269,881975.29
1126059108,910651.5147222223
7856610130,867780.4166666666
7203000200,246382.07514615238
3630120700,762915.3118518519
1612500090,190657.6594234214
3586500620,1157895.1333333333
5207200360,431978.72
6675500035,389854.8389398059
1781500385,365415.7866666667
1150900080,862503.7984889512
9541600355,967794.8444444444
7525530670,772542.2689741643
844000375,358078.88333333336
9578140180,327798.14987301594
9558041130,342363.5916666667
1788800910,191631.37803543248
9550200225,500457.95259768923
8643200055,253152.9475996472
6143000020,253962.51611111115
8941100095,1096014.2566666666
3630010020,428188.85777777777
2895800610,316276.58166666667
822039084,896518.3333333334
5423600080,538709.474985648
3992700775,477096.46357142844
3816700150,455463.7622222223
4083302485,682772.106433284
5127000810,345570.38953490957
1725059182,1291764.49
9485930120,389789.5988888889
293850040,637207.7629411765
8731981940,330480.37444444443
3330501545,332965.11333333334
1026069061,851585.0639598998
8121200710,532093.5566666666
3764390100,467559.4327777777
9493200010,339883.9098786129
2902201301,626181.9933333333
3444120130,437667.51666666666
5256500025,476132.80976190476
4022902715,543308.5658088234
871001500,724803.1870734127
2329700440,191139.0365331351
1773100275,280108.889062587
7852160070,1036146.4086111112
2141330560,624318.4267157489
2505500009,758202.5214285714
8647800150,341964.5222043969
4337000200,252623.59837328328
9264901680,248621.10310881928
1773101050,338944.5
9320990120,327053.06952380954
8856960280,326810.1014745385
5589300585,313541.76395703305
7935000595,773669.5666666667
7203150080,651176.4239552167
5616000030,313854.7869444444
825059178,2557194.8333333335
6666830390,768140.3676190475
8732900840,671155.0781525399
2095800520,479706.2038603573
1771000760,342232.12199231324
1901600090,392069.0
8857600680,218961.02973145002
4038700830,587462.759122807
8956200070,423082.75
8081500050,2246925.3333333335
567000755,472809.04387125233
424069264,737280.5437733864
1564000410,817418.2283333334
2817100910,304440.175
3303960080,910787.48
3340401535,203523.33022243108
1622059095,281347.9606046282
3278601940,399758.86666666664
7202380120,462952.12927910057
745500010,771846.4566666667
6608500220,430678.7640740741
8024201055,363301.1666666667
8929000140,456520.02349206345
859000160,337837.93333333335
8673400061,429845.2383675692
1269200229,1082817.0
6705850300,764753.4494747475
3395040550,272195.93666666665
1697000370,206907.07037682732
5245600120,271643.8527407561
8892900180,220616.5858106708
1794500360,693038.343482906
2025049192,536540.1169191905
1930301325,901981.9238603989
4217402162,1346348.4333333333
8126300410,571605.2737037037
3345700215,564442.2666666667
2887701420,468096.876996152
2887701251,396102.85
4036100175,606418.2180230223
6762700515,1005962.4672727273
3192000085,210092.94585427837
226059096,1298315.711111111
9238900855,490771.5
6706200130,328721.43888888886
2744000010,272915.74433936
7202271060,664733.4977468285
7923200150,573759.1649374714
162500030,339269.18822991825
2571910210,287661.47555555555
1523059105,335112.29194444447
6052401215,246030.992349624
6626100260,777275.8380614656
8925100115,1143838.4066666667
5459500165,876694.1966666667
7686202635,192628.63721704207
1118001370,1309588.75
122029066,455056.4766666667
8039900130,341662.7811111111
3262300235,1184496.7093055553
8860500300,344370.5565079365
8956000250,542951.816965812
1646501920,516517.1009427174
9284801500,425008.83
1442880380,454508.5704761904
1311500020,268149.35866666667
254000695,354208.80666666664
9477101280,423363.9915736004
9510970530,645113.6492664325
6891800500,583884.1166666667
9407000230,296711.6572486772
7202340590,664513.7171664338
8151600590,393316.76666666666
9407001600,295439.95731538994
1771000690,327057.4023809524
1525069134,965000.1669281046
8645540040,295592.45424181304
9414500200,425706.0833333333
7883607645,236278.82672514618
3845100140,337925.2166666667
2726049164,455351.17872150074
4340610040,311747.48333333334
1245003006,1237225.3228174604
1105000373,293744.4611111111
6083000123,204800.98653004965
1777600450,617932.9771646436
9558000100,417877.3
2473002060,314108.8333333333
943100689,372589.26
7544800395,444713.291025641
1931300090,620147.3925059194
7936000252,506134.85
7987400316,308025.2445925926
5152700060,674561.1666666666
1721801025,208748.55028960473
3438501450,282532.6262756564
9222400510,419977.0833333333
1796700160,267595.7929630124
323059208,345341.74333333335
3392100050,203792.16675683117
4038500210,672592.7462891737
6324000090,484818.19333333336
7549802535,379944.0101754386
3343900326,447625.8797474748
5701700640,825098.4523809524
5249803185,518759.4066666667
8838900032,837214.0966666667
1237500577,958397.3166666667
8642600090,296447.6201984127
3303100075,470328.0334400956
2133020020,428073.62166666664
7950302890,450655.48333333334
2770601734,579215.5008284228
2538410140,353829.6088888889
8159600360,612292.9233333333
917000300,452363.4792482551
2391600330,386750.61666666664
9285800585,497754.8276441103
2005950050,256272.15404971308
6450301835,340732.4744444444
2473480520,339858.02499999997
2818600010,1147752.45
952006728,364656.7833333333
3422049088,292323.31333333335
3629870420,898800.3877777779
1079350090,323806.4666910559
1509500060,392910.3222222222
4039000050,471745.17692679784
5288200230,596586.2
626400020,794516.6944774113
5457300095,1589517.0
5000500055,211951.1482920656
324000530,468173.05
6713100031,416556.80033724994
3316500200,527015.6118453844
3124059006,1303543.74
1125079111,1568450.6666666667
7852020300,482765.15
123039364,250853.575
7883603190,266386.59738562093
9828700900,570118.3361693554
6821100015,689325.2345454545
9522100375,723445.0112033817
2420069201,234339.93
7504110330,723146.6807407408
475000510,561870.2168220558
2425059074,734315.6764814815
7518503685,416262.01
5466400550,225923.6909107559
7852150720,436778.6666666667
3066400140,628901.8862001863
3298400470,531039.1884920634
2902200874,667357.9070664629
9500900110,216374.12196715453
8835200160,330759.7853703704
6056100295,321819.99494949495
1858600042,347759.5206376956
7224500010,256658.00494949493
5457801925,804919.2234774436
7575620750,248855.2610729973
2391600735,482236.3
6192400180,789502.0770925708
5249803870,501652.1666666667
3575302880,370281.63333333336
7225000045,225944.30934343432
5561720180,285431.4985714286
1972200428,504266.16096545616
892000025,174993.10290467786
2944510080,281716.89222222223
2428100100,799951.7444444444
6647400250,448660.459047619
121059038,440051.96444444446
6398000191,476948.81333333335
526059103,302352.54888888885
8856960720,312661.2195424836
3832500260,249375.3913955008
1623089025,438046.73333333334
3625710080,1187829.76
6446200060,691116.2052749022
5706200370,432293.9
5515600088,223867.66411532913
8029500360,328141.95666666667
6700390150,252948.58533986603
642500080,403163.32666666666
6150700264,370706.1626118739
2473371780,369112.44
3905120540,600707.2808631994
2652501215,751070.1944444444
3176100110,765156.8284615384
7574910650,807266.5604260863
6385800030,306287.5261303511
4443800960,504182.48022363964
8731951490,271409.99333333335
3380900125,352069.09254754265
9828701508,669047.0145530575
6699950310,349146.85690476187
3321049112,453325.7266666667
1824079052,991832.88
8032700140,904605.0555555556
8679600150,588253.4333333333
5040800120,917727.427264957
2026059119,400646.5020840768
4024100951,501817.715247114
7212650990,323715.3493322007
936000060,340738.86333333334
6181500340,340021.06947368424
1137400050,443508.9
3324079092,413513.94999999995
4268200055,316704.97584249085
6145602240,391004.8527777778
475000176,454493.2450107748
3279000120,244419.23140912715
9392200030,257508.10455140183
3438500714,350881.09906432754
4306500070,421837.8333333333
8588000610,185503.0931549786
792500190,333504.83
2461900850,471111.8
2660500365,303670.03764578106
5451210100,797824.3317948718
2787000040,349506.58511784516
3278602670,221083.3161988304
9528100899,613628.2809126985
1324079085,320925.29
9477001140,417370.38767162623
9521100880,712563.3976863354
7853210060,419966.0
1326069094,470155.87
3420069065,450866.9033333333
5468730280,269387.3042430485
5437600140,329989.09582516336
5127000410,358853.05447811447
5445300050,544499.9598842589
3375300360,243578.03042412456
9297800165,518084.7833333333
6021500840,633511.4578201058
4323700230,487523.61489466
643000110,245125.61012801802
8043700105,2501023.1333333333
6824100014,423017.75519480516
9542830480,329910.0855555556
736100065,853166.8466666667
2592210510,955426.915
4233600260,1202202.0844444446
1266200015,748370.9566666667
2787700060,331086.0383333334
8843900396,419133.19
8029500380,266237.1823809524
5292200010,471144.85825925926
1773100980,340645.2766666667
2886200070,596585.7203354086
8594400110,339326.39
9268850180,309669.76095238095
4141800285,1660592.9
3188100007,513432.0266666667
1796380960,263115.3466980289
7202330030,465143.7215145088
8078440140,569952.6152970622
7983200060,210045.5227626224
4427100025,387509.7172727273
2113700510,277740.87333333335
6446200305,619010.3163978821
3425079088,615963.4438095238
3304040130,336058.51666666666
3222069153,313893.7369191919
5127000470,338260.1487301587
7525100520,412554.3848484848
1868902745,868696.0008397572
2920700220,380503.0755555556
1105000780,388962.72111111117
8563080020,844668.1302645501
3630090110,762587.9766666667
856000195,2117195.2222222225
8649401000,237170.69777777782
1315300095,784664.64
6802200670,262739.3612322984
1523069022,368469.38333333336
2624049165,483065.3333333333
1972202080,595839.4263131312
7211340030,310603.71166666667
8850000180,392080.8719713262
2787250080,536725.5376984128
4235401055,528050.580524314
5226500250,486277.23
3294700421,321825.90965007216
322069180,738882.9044444445
1025059186,500161.16186805646
1923039022,682346.41
1402600110,354337.15706349205
6817810190,384571.79888888885
434000030,649177.6066355866
6056110460,700077.2881481482
4337000285,244718.2539474801
5710610250,564377.5958333333
1049010620,257180.28777777782
5112800234,372292.7380952381
2309000060,509199.00666666665
2985800030,529846.4703297198
1604601570,392414.52
1563102435,713944.761111111
257000105,192889.26059684734
6788201440,816065.4168253968
1442300005,389266.9370959596
4055700784,817475.0733333334
3889100029,784378.0769458401
4139450760,1027605.5833333334
6079500230,667841.2654879611
259601010,402932.7009018759
3980300020,309925.12666666665
9390700100,506500.5160848466
7200001005,484343.176537444
9264920250,271873.8857264957
8682260470,425125.73675925925
4083303815,771069.5261404191
7383450250,347576.9533333333
253600180,420075.00057885883
1450000210,185527.39000248365
1133000100,455850.9344444445
7511000050,1231089.0666666667
5710600030,515734.92
4178300310,767299.9175634922
3041700570,546452.4631746032
1238500978,483540.7166666667
431500155,648359.3547979798
2937300050,1003927.8266666667
1352300315,232316.4155603655
3277800823,375354.01
8895800110,1007227.59
9274200318,566723.539888889
1118001805,2116758.7333333334
629810720,842173.2618022697
6852700476,590239.1388888889
7345200650,227358.3560538762
8929000290,403713.92333333334
5506500170,612970.16
8899000140,244529.72934759682
4006000423,333385.05142857146
7137910140,251621.39741905194
2423020010,443528.9537037037
40000362,176589.82785714284
1657000070,246125.09773276318
2124700015,283357.71132575755
1887500045,271170.56
6838000170,489380.88091450214
1310910290,328343.3971637807
3599600276,240161.25923905725
8142000080,374244.62080634385
8856971000,285130.05888888886
624100950,747303.5124074074
2767704332,480266.7274410981
405100165,380360.13727357186
6117501755,389311.34047619044
8961950410,328200.480784188
1523550480,576638.4251501117
6840701160,645748.4596285922
3331500650,334444.367936508
1862400517,386936.3333333333
9558021000,366446.10734126985
1310800090,232579.95020202876
5104511040,339947.49666666664
522059189,251263.68213960796
3448720020,420560.7444444444
1310700330,255187.1169107198
5649600462,327939.35349747475
1853000510,1066056.197222222
8128700005,347926.0222222222
6352600210,843007.1030754715
3754500010,897371.21
1962200475,841453.8853608136
1773100765,273032.3678618114
8895800200,936834.092962963
1310900260,332796.14086601307
809001525,977194.2314814816
2624049103,355336.3955555556
9191200380,634457.1233070064
6600060120,427979.1177287582
8150100045,275484.85333333333
9558010190,363150.3017857143
4038700930,574956.0524989864
2883200775,666058.2111111111
4036800910,479035.79096015095
8673400177,571224.1694683564
7110000068,1035486.8333333334
3279000240,229958.33265513406
9545230280,511250.3652976654
8815400105,568958.2013427595
6738700075,976111.7222222222
8732030490,283454.4602084952
9532000070,526398.2267676769
7752400075,473864.9652746192
3824100051,406783.7756110441
2768000270,521531.40231574693
108000127,478776.8333333333
844000225,269845.4701211874
6817850040,891973.7722222223
4447300137,1199104.49
8598900125,368377.6780934344
5072410070,491304.68333333335
7129300520,248089.4403356502
3830210020,206096.78566410718
4137040250,303588.882936508
3022079080,704261.0555555555
722039087,246794.5
3924500040,660766.861111111
2473381090,339308.54227652465
2201500490,373980.1144444445
9265410090,239366.6060806786
9286750100,409972.019274432
2023700040,633908.2445803903
324000280,622470.3888888889
3814800280,359846.6772348485
7697100030,508865.0594018702
8731900790,293120.32444444444
8044700010,556097.9618057985
6123600100,211174.9358970814
1450100390,193841.21970705816
579000550,409125.41
2459000020,328781.0636868687
5016000315,505935.0577633478
1193000190,808936.1428571428
4038700730,503877.7673306922
1556200265,693886.2380621693
6600410170,224236.12709736254
642800130,743490.578939394
1043000100,370976.1470424837
7809200055,253590.75306637803
7010700308,1286895.75
8680500090,546356.6544444445
2719100355,651408.3233333334
7905200147,551627.4405128205
271200130,228000.7950691897
326049103,500578.8011976912
8682211030,413208.80703703704
1070000390,1303884.1666666667
8648700450,662612.0459920634
2695600410,464336.3
8562710640,961509.3194444444
1525200060,723264.572989418
1822039138,672041.3633333333
2767601375,540902.4109852032
3425069117,1301263.8333333333
952004570,422075.76657142857
7625702616,325210.48333333334
9818700430,463462.9977777777
2822059091,266732.0277777778
1775900220,341563.0432376142
6371000079,700281.4377777778
293760150,928952.7514285713
1336800880,1377592.3
2771600550,1618936.7066666668
3905040040,520017.1194282416
7787110060,461117.82666666666
7708250040,352348.566984127
4022901316,509615.5587698414
191100235,910247.8677777777
7852050220,383298.35
3293700480,372367.0088888889
2597450620,1281101.2
6169900580,1226364.5333333334
2767602855,803490.803968254
810000080,875433.9417887668
6392000625,500843.14870734216
1865810290,182031.43130313285
1568100380,335900.72547854617
5249804760,410660.6666666667
1337801060,833943.7790990862
6181410950,263884.0597222222
9264900660,306435.4295555556
9122001231,691454.1071231547
4427100030,373330.6692273413
7334400070,301670.94843915344
425079001,589922.9464285715
7436500360,537957.5478095238
1245001295,707286.5116666667
1310500550,298576.16309090913
4047200950,261235.65
9103000455,805312.1376190475
2291400341,323455.075
3876100310,407914.2461349037
7131300031,253693.92977744102
7853380510,681916.81
7409700215,811492.5479487178
5248800250,406789.1979532164
126039323,400985.02928774926
6632300207,358892.74238095235
3826501060,254340.30649556
8024202520,434995.17818181816
3343901401,460019.5693506493
6431000005,591567.4078654678
9232900075,348160.96904761903
3056700150,226575.607301023
5104511250,504651.5
3658700510,661973.475999186
2895110062,315462.5863383838
7454000990,260172.425
4038700680,547809.7676970562
7811220070,606694.5919047619
8091670030,354706.37333333335
3438503045,286961.74155078875
6388900710,520431.9266666667
7956300020,186466.86129106718
1775930440,479671.77481481485
1762600190,901288.5707469672
6600400260,216927.7157046325
8728550150,575437.7533333333
8155500110,577719.0757298257
9169600135,457935.3
1777600490,680785.8337336467
125059179,541794.8184511785
7558700030,3325562.1666666665
1702900624,334196.09385461756
3343901403,504286.1433333333
5101400994,386958.11
5547500050,257350.44828602677
1705400350,315058.6021991342
629810800,867634.9223429952
4104900150,550064.9266666666
7888000390,218120.46897104898
4140900270,366288.0766161616
6649900030,398546.953478836
820000012,416882.2966666667
6151800080,317858.12333333335
7454001060,258306.89476190478
8682262330,404066.63484113023
1566100010,411774.1119047619
1180500070,424483.8553213507
1112630130,391612.75333333336
3101500090,453996.41333333333
8682310220,715716.99
4032500035,395713.61111111107
1623800440,515963.60378029954
1088400190,246005.8409901229
751000080,432380.9388888889
6675500070,399885.09822805633
2193340140,528816.6343666556
522049074,355636.58095238096
3204500340,259339.29958333337
5104200470,421262.51537037035
7517500611,704501.0697777777
2946002140,270645.23282043857
7631800110,1010606.48
3529300330,320292.2019005029
3885801970,676304.1766666666
5456000570,1048490.1166666667
4123810090,360875.9161111111
4037000635,494803.719952381
8079030350,468651.69817460317
1726069060,672616.3333333334
6858700225,230362.9667324286
3356406510,226855.5953881214
5423030040,614648.4866836504
3111300040,460814.1066666667
259800060,482602.1717760691
1972202320,532597.94951324
5100403818,383710.06532407406
1422700040,214996.95703457957
3625049014,2605209.5
7852011040,661898.25
1201500010,735251.0917460317
7195800009,309916.69
9407001320,242639.21488095238
9508850100,645535.0890485244
1328340380,292328.87295321637
3885804305,1034020.18
7128300630,689259.9604761904
7574000080,412344.11
3744000150,447473.8
2607720150,491680.54888888897
7203190110,687171.1762393161
3904902430,639291.8883529016
11501160,807313.4795601852
9209900315,540785.7969288118
9465910030,582959.6666666666
3622069103,701406.1555555556
3288301010,504059.1296626985
4395600060,747751.62
7694200380,335872.7718686869
9552700550,695755.8679365079
9264921110,278958.8844444445
6738700225,1176600.3933333333
293620220,842218.4325676392
7525300310,655309.5435672514
3992700036,397274.20016666665
3577300040,446346.3017251462
3812400202,256716.83333333334
2402100055,689010.2050010856
1853080790,858168.3250907611
1994200260,740090.4911477937
1339300025,809733.65
7616200050,561344.8333333334
4022902555,805192.8333333334
9528102110,622660.584931738
6613001241,1546496.8333333333
3205400240,354340.7702564103
6065300840,1254896.1266666667
7852040080,509226.15
1920079039,307699.2155555556
2817910030,438064.6666666667
1563102880,720686.2966666666
8561200110,561544.1499062049
629000605,1212792.6166666667
2781270440,245286.31527777776
6152900273,332626.27203111706
3303950130,385297.0208333333
6411600113,358384.1090788224
4055700167,877130.46
291310310,527905.579920635
9523100550,773161.8432640693
724069070,1227687.275
2408800120,441494.0966666667
7559600200,638498.9101064242
8165500790,371541.50666666665
7856620870,903698.5989682539
1588600040,380464.0442857143
1023059246,484449.3047777778
1938000140,781825.2522222222
6061400160,382209.1067901235
4167300350,260517.81841789227
8649400790,283932.62333333335
173000036,337866.4666666667
225039049,624245.102993252
8043700300,2550816.0766666667
3834000400,385564.3935582374
4054530260,1795886.8333333333
8724300010,782378.64
9358002232,385495.37666666665
3298700012,249380.30333333334
1125059071,1159013.5366666666
3885805300,591167.2401587302
5315100784,1230350.6566666667
3861400030,856655.438011696
7202340010,665098.6723630681
7272001805,337895.51666666666
2781250230,321060.106969697
1042700300,840850.4038280422
123039279,203924.20942140295
3760500336,1145841.5233333334
6979940100,801129.8276355744
686300880,684635.3012265512
5214500690,428361.3566666667
6021502250,644291.1113469492
1320069223,294163.10333333333
2871000300,773818.7255831913
2724069117,424942.5733333333
1159400220,755420.7859764311
2571900380,284813.75333333336
5528600050,358034.9033333333
7686202730,165511.75983675264
2225059118,957561.7166666667
2558630350,467795.2811421911
3655400060,420025.6666666667
9558200080,269402.723566841
1796100015,555820.7133333334
3378900020,497111.5777777778
5416500040,317118.9798556998
8856004582,219526.99442173808
3812400107,427673.6744444445
6126601445,484023.98333333334
2997800021,469085.3777777777
1211000280,426439.06333333335
766800090,257324.69993055554
3224079005,328122.13888888893
619000100,363394.37766666664
4319200620,387755.8
626059335,508668.2308080808
3340401570,280592.94749004045
7015200800,657456.2905112575
8106300510,496459.2766666667
1446110020,474806.14666666667
2872900280,635122.1635371927
8965500320,699466.6964646466
7853300070,497558.3333333333
5652601455,733330.9083831909
7579200915,966557.22
2641400160,364923.67888888885
203900460,428838.04333333333
2998800040,638131.2580116958
7519000170,543550.0257944867
923000425,746998.4966666667
2973800030,209083.6275311882
6430500182,1193501.28
7304301010,343852.2321212121
3861470110,2024544.2
2296500136,746392.7466666667
6790950150,759866.027047619
8123100045,523204.4666666667
3142600130,611645.391951964
7137970130,319678.48443278944
8656800190,435251.5892592592
7135300046,271836.65
3629960680,439381.0626495726
1133000385,661396.6051282051
1085621960,297538.12781440787
9542802000,200867.00622582974
8151600973,591173.4877777777
7019000050,336662.5215415364
6021501920,618759.9670881749
7399300420,237088.62161474212
7548300731,649428.8074603174
5316100220,897977.4133333333
5152600090,316982.3333333333
1703400470,359658.966031746
7316400070,323143.11222222226
5561300380,493183.5
2215450100,326857.88198972325
8635750330,652070.7889963257
9492500140,848979.3208142109
5315100393,891249.5533333333
8588000315,228757.55021919878
7524200180,244568.48404893005
4235400255,432848.8566666667
326069131,558779.361111111
4077800026,825456.1733333333
9477000120,355756.9984443799
5608000590,1029515.38
4137050130,302686.01988492993
5249801440,366836.12962962966
9264901510,266698.465957191
5437820250,209665.01988925223
200500410,451038.8640830801
9407111100,281634.05541062803
126039252,393960.2618989918
6141100255,423329.58666666667
3013300830,383079.10333333333
3271300955,867076.9360317461
3021059276,270757.2576684911
9542000050,733871.2981481481
2769600035,773128.5414956219
3824100364,481622.2114814815
1726069202,368761.0467320261
7327500270,395217.02
1189000207,450171.4148111148
2472950160,277270.9543863233
9558040050,553211.3866666667
3438503120,335619.68350877194
9407150240,280313.5032142857
1370804295,648962.8331481481
5700001100,691022.8766349092
6837820030,421601.7977777778
5411600210,824287.7822222223
5061300030,237197.96
525069133,898913.8582070709
2121000250,344908.7244740445
3179100720,599660.1197024201
2780700050,438979.1860398861
1545805820,254237.35566951256
5702380630,263114.14401007624
9211010260,542910.5266666666
7129300595,256380.20958333337
6802200100,236075.38592352092
3304030140,418485.26083916076
2623039019,982740.9733333334
104500730,206523.9747420203
2924069132,611453.243015873
1775500310,598732.6865079366
8114000040,313794.930342312
2011400021,434771.07
7525570020,668181.7717175237
2917200615,409700.8777777778
7697000170,297652.0298701299
7871500070,783688.6766442816
7215722010,495521.12430307217
6300000378,465401.4877777777
7159200005,2423020.1666666665
8946410040,406987.2555555556
3893100327,375281.96
635000009,994059.3488888887
2322069116,449445.0333333333
2760200050,377815.1522222222
3432500210,302757.61583333334
5700000245,619124.5687373737
7588700177,337734.1666666667
9178600135,664674.6252631579
9830200475,489690.90888888895
8562780160,331638.5215726494
9826701665,620693.3430864197
7504010900,648348.1545581651
2770606915,528860.8717777778
1254200075,609721.6447888407
2473450430,436923.9038888889
1433290010,491559.1712962963
7586200061,334790.67
6841700070,519696.3542222222
9826701320,497125.7558770859
8943600720,287628.8794444445
6791900260,786734.3213844654
2301400640,728334.5160912892
7979900210,374085.7257254574
4037200665,421874.3233333333
984000650,300714.09744200244
2937300060,943305.87875
8731982190,245734.28311592192
1445200190,262890.9766666667
952003285,753739.7969444445
1402970020,406696.35
2487700274,422422.05333333334
8113101670,427915.9866666667
8682300400,620853.5833333334
809002435,633904.9036574074
4045900147,544230.0071428571
2991000400,271771.5240764829
9456200405,195088.2172635738
5104510370,308150.11111111107
9414610240,486334.57
2111010760,358415.43333333335
1854900430,656927.1055831249
2624300080,912438.2555555556
3645100280,464710.9033333333
1433100010,254768.5278986057
9533600100,995052.2021488643
6743700030,593739.3363636363
9294300070,730295.2636507936
2114700540,278440.39090909093
7853280550,734187.4333333333
868000175,651834.7366666667
1446401290,241950.42254738012
9109000050,320954.5733333333
8856004327,271180.5722222222
2329800110,260926.59993248587
3031200230,440302.02
7582700075,1542461.762222222
2422049104,116323.70925555339
9274202885,559921.1338383837
1770000090,425152.44878673373
9500900430,237302.57800179214
7305900082,363349.7510453311
3336000170,326602.89444444445
5680000455,715313.23
9808630210,937683.5788888887
8807810110,537687.1733853545
3824100211,457911.3933333333
3423059153,518190.87333333335
3937900120,508406.34944444435
524059323,837651.5088648389
4305600250,539180.58
1257201375,584373.164007122
853600150,1384607.0
2424059174,1498599.7666666666
5205000400,304675.55401886237
2658000115,200260.51666666666
3055800020,297630.7277777778
357000025,577094.1422222222
5666300010,335965.35054473305
4167700210,252686.73711111108
9187200275,809488.527920228
2960900040,445499.63192982454
1021049022,219901.88949836092
7750500120,225815.21531100478
7153200160,1287110.4133333333
4406000390,244190.69047498796
629800380,1506122.8
2026049125,293522.31037037034
6117502230,1859192.96
3379100130,485982.17966113996
2472920140,444718.9666666667
7214720075,574379.4848393826
1771110070,332772.3083645984
5127001600,312430.82630190795
6666860210,338346.2651724138
5467200055,345826.25333333336
7819000040,379487.46482105687
3790700070,301678.0231748918
6362900138,372600.34103174607
597000593,370144.9285185185
8032700070,656434.8560370371
9301300215,963711.05
8902500118,414846.6094444444
6607000095,415260.43666666665
2163900081,818676.8462942613
7732500270,719312.4666666667
3856903515,628001.1539656651
2557000400,278197.922850149
4386700135,1980563.5666666667
7399000360,315363.42709523806
