id,predicted_price
2591820310,382678.22
7974200820,935044.3
7701450110,1092290.4
9522300010,1784270.6
9510861140,739623.7
1761300310,247799.89
7732410120,830930.0
7010701383,633242.6
291310170,428644.28
4232901990,596324.94
6840701125,614348.0
3971700580,431524.7
4202400078,244735.92
6064800090,319733.34
2626119028,197585.78
3303980660,1073881.5
862000020,870687.25
2386000070,931677.8
1138000450,371584.5
1775800420,445279.16
2291401425,410827.03
2025770560,985691.3
3525069037,681776.56
9324800450,600790.94
8080400136,562785.2
8651540040,525472.44
9407001790,255421.69
1773101530,185820.47
9432900250,334512.53
1794500695,622377.2
2220069003,358657.78
923000120,439552.47
5728000060,542769.94
16000200,254844.72
1926059094,446117.75
6672900220,999485.3
3629860060,757206.2
1822069109,429975.9
6675500105,382947.44
249000180,1964680.8
226059065,526419.3
396100110,263337.34
9264450460,338525.78
7853361210,394839.34
9474700020,299190.44
421000455,234772.05
3755200220,435495.22
7960100075,459399.9
9477100490,398951.62
9138100350,788102.9
1624049275,486838.3
2770606890,546373.2
1157200189,413046.84
2770601800,514960.94
9301300805,565023.25
2325069032,1172614.1
1021079099,365155.97
7215730040,741632.0
1853200080,456712.16
3224600340,702914.7
3222049120,411087.3
2113700025,275633.22
7893207925,243276.27
3586501085,589840.9
8024200010,402426.75
7116500705,175767.34
1598600209,324409.5
7204200025,952338.5
4206901505,577723.44
2937300440,924125.4
7205000180,348593.5
8718500665,372811.7
5318101765,944394.1
4122700020,964374.0
8078700020,516038.03
3303980680,992833.0
8924100372,1199259.8
2781270210,210115.58
519000043,520939.7
3225069301,1626051.1
151000075,732966.94
2297400020,441364.28
6617500085,615153.6
104510180,249725.98
3528900060,989903.06
3345100286,522542.97
1226039130,414730.12
8712100720,776412.06
3037200010,377887.7
3626039268,463938.38
104510230,256201.38
5112800060,437971.7
6072400280,635477.06
5317100570,1226219.6
9528102993,562681.3
2919201095,482765.25
6181400920,235691.75
185000161,244579.72
8691400010,722370.7
3345700165,600113.1
6151800486,252722.9
4340000080,1276032.8
4136960010,569785.9
3634100030,316282.16
1624059224,1042756.25
2788400090,262160.38
9828200762,450272.8
7524400250,525170.6
3528000290,752527.44
5700003630,2177754.5
2720069019,292606.44
7227501170,236778.42
2397101270,652997.8
6792100090,784205.75
2770602265,540327.94
3971700937,292911.78
422049203,234542.75
3076500830,284961.12
1423400260,277735.9
9161100795,427317.38
3126049052,502110.28
5100401468,422462.97
514500235,439567.1
1423200170,190835.84
1402100070,427994.12
624110020,760801.8
2407000145,216646.75
1890000225,805229.2
1320069271,342413.34
5490700085,366075.03
263000155,477885.12
3726800201,366495.75
5153200358,320697.56
2725079018,816944.94
7165700200,260077.22
9429000170,557439.75
8718500075,378710.1
1760650950,312332.3
1068000559,1182302.1
4113800500,631646.9
4077800507,543995.06
2725069150,710702.94
4008400035,671750.44
7016310270,417865.06
1432701230,222708.61
3278606050,332845.0
2473350710,390700.12
2185000685,183772.39
7792000025,416398.94
6868200029,495980.12
624069003,800653.06
7431500280,940816.4
3296000040,558647.25
1118001215,1774264.8
6453900040,729389.1
333100209,730691.0
34001765,643960.9
8946700100,382572.22
5561401210,594377.2
6671900095,358816.16
3275850020,684767.94
3876300600,432411.28
1450900020,272621.75
8562780280,325795.56
7663700973,325640.78
2126049032,358454.78
1823059159,188381.64
3438503426,270465.88
9297301495,550255.56
7140700850,379768.0
7942601805,681712.56
2555900030,360159.34
2887970040,264697.22
7419700010,629446.9
2239000011,377848.06
9283800050,395318.06
9407001340,273955.0
217500140,507218.84
7212660520,242120.7
3298201170,362008.97
3057000400,278374.38
6865200444,497657.28
6071600340,514881.34
6821600005,690935.7
1235100371,810961.06
7796450340,341368.4
3603000410,165016.44
9297300255,527948.0
9126100850,550645.0
2770601462,478461.22
2599001500,222719.08
1102000095,760492.8
1853080640,977364.06
9551201585,913343.2
3438500796,337128.8
7518504291,518110.16
9269200340,389258.84
715010130,1662944.6
1982201485,626631.44
9526500080,382328.9
9277200180,464547.84
6669150280,286694.16
8917100153,603022.5
3760500516,1103983.6
2725069050,932354.3
3332000091,360796.88
8562770080,596642.7
8151601190,285144.4
8563040160,605497.3
240000269,718401.25
4307350200,312500.12
1311910300,282644.8
3574900030,512413.78
7853230570,426473.06
320069049,347185.28
9839301060,623601.6
7011201333,629159.7
2781320100,279707.5
3421069120,450009.84
7852030320,468656.4
5316101075,2509848.0
5309100750,555082.5
629000730,776920.44
511700170,308656.44
1562100030,530217.25
2489200230,576227.7
524069116,503037.8
5315100737,1036248.56
1868900675,837346.8
1608000120,337047.3
705700240,351924.97
7575600610,252647.11
1778500015,726480.25
5423500240,207913.53
6713700025,354640.66
2734100734,285932.5
301402280,208840.05
2113700205,272232.84
4114601570,3037309.0
3332000615,365017.75
3630050180,349796.0
6852700520,534593.5
6870310010,631060.44
6163900981,319607.0
393000142,389161.25
1771100130,337915.47
1442860160,410188.16
9191200435,539183.8
6788200800,911440.0
1115300070,671004.9
3176600105,730152.3
2770604665,565012.9
5469500580,430389.47
5680000545,471082.38
3424089119,560991.75
1328300180,326812.22
1773100922,330142.0
4123830480,336026.12
9808610190,874096.0
4250200140,271912.53
4217402115,3101239.8
3831250350,372930.34
2397101055,847459.94
6817850110,875229.7
7526800200,642443.75
7853370100,627370.0
2523089025,973804.2
9476200680,251506.6
5714200140,403616.06
3575304895,544485.25
263000018,415211.44
8080400177,511204.53
6450304130,332972.97
514500090,596882.8
9477000300,453983.62
853600310,1413692.8
1951600240,201008.0
1099900120,340624.0
5323100120,566128.6
1223089016,449315.56
522059172,268474.25
1930300190,651975.56
9542840410,311197.72
8665050530,492601.12
5592900205,376340.2
5450300010,622518.6
2459960030,341500.34
3331500455,586410.94
3432500705,404794.7
3702900165,325410.72
5249803550,551871.2
626049058,432604.88
1788900380,178655.47
8075400360,222115.84
9113200250,751593.3
2738640040,667946.44
7821200307,485356.8
3530440140,227607.48
3582700130,446752.8
9276200569,765015.3
7197800020,603639.8
686200490,514043.12
3501600100,387177.9
6383000690,599198.6
7604400150,364118.94
5249801411,679221.0
2607720420,466190.97
9561100010,392506.9
1796370590,251734.4
4077800593,375388.03
854000165,252524.83
5536100010,893584.3
4188000670,853835.94
31000165,1442302.5
662350050,907554.6
4137000280,273214.7
6169901130,1129142.9
1953400510,262650.25
7518506716,958408.2
1552520010,380220.62
7955080270,320715.8
9212900100,536041.1
3438500798,339403.34
7899800890,246636.27
4319200605,469436.78
1329300480,370642.4
8935100100,865304.56
5016001260,428022.94
4337600280,303033.97
1446401220,188726.2
7135521530,622897.75
6888900115,282641.6
2413301070,279804.25
345700040,300400.53
5566100145,466224.97
7634800070,365211.22
9346910500,675771.94
3529300060,307765.5
8128600060,1243771.2
8572900275,218301.47
4139420590,1241157.1
9274200322,598028.3
1472700200,592389.4
8820903380,477839.3
8563010130,943524.25
8965450110,873644.75
9274204230,483321.03
8165501700,337363.25
2193340260,552606.44
1860600290,926989.0
1222000055,217361.56
2492200280,439162.1
2488200455,387851.53
809001520,1207845.6
1796361140,243195.77
6398000011,666849.5
6813600365,586103.6
7504100920,779552.75
8835770330,732924.5
524059322,877090.1
4307330280,394799.44
1245002952,1086047.4
2021069059,241319.19
5700000595,660441.6
3629970930,745900.75
3336002215,273870.4
5100401060,623735.5
3278600750,258879.36
1126069045,1103541.5
7568700175,314468.28
452001475,504876.3
9283800230,563061.56
1737300130,592875.44
6189600040,487584.2
3679400025,458159.5
1096100010,324883.84
9513900050,254430.86
5452800645,791738.6
273800100,237247.67
7228500037,461502.28
808300090,485753.7
2493200215,577968.0
5035300255,718201.6
3380900160,382981.84
3630000130,430414.7
7300400670,274722.66
6798100070,355461.38
8078400010,582103.44
5566100060,504562.47
2768200212,522221.44
4035900060,611616.6
9460000110,344758.2
7199320190,563334.5
2225039081,487706.94
9512200050,599350.3
2634500085,323758.72
3654800200,299522.97
2724079090,1354528.2
2597520720,811401.44
3034200426,378264.94
984000130,307983.75
7852020670,430274.5
7923500060,748957.3
2310030510,304127.2
2205500540,473927.9
2493200015,413817.3
7853361420,576261.44
5652600605,577213.4
5285200020,319204.72
9406530150,372460.34
5706300020,479380.16
3278602490,399066.22
7197000100,545797.25
4447300008,573851.3
7899800045,238854.92
9250900095,345584.53
9268851740,647993.3
8682261440,511193.34
7284900385,912892.44
8079040300,428541.28
2225300585,400859.34
3223039013,444978.0
2013801350,265006.97
4055701110,792688.8
3578401770,446276.28
4046500720,571164.4
6145601745,380010.06
5207200195,700054.0
1972201856,549720.3
7212680080,255575.86
7277100510,608651.4
522079022,539955.8
5605000440,916354.4
6632300230,374981.6
8815400165,635960.56
6708200320,516055.06
2426059076,577163.9
3260200200,597941.56
2770601741,510347.34
4338800500,254767.94
9201000320,775764.75
7655900038,332900.7
3625059140,611762.1
4222310010,209378.23
2114700115,334721.3
3291800710,338412.84
9406590010,400619.28
3025059124,2234410.8
7972601250,380151.3
930000470,1051555.9
6690500060,507387.12
16000015,199244.0
5693501102,597481.2
8079040490,451556.03
7225000155,342684.75
8819900170,745617.0
7972601270,348239.28
1224069074,778765.6
5126900321,361078.03
3438501860,304733.8
2822069080,422944.84
1656600310,566996.7
3856900507,1190271.2
1626069139,491179.4
2524049257,1251062.1
3904960150,533817.0
7214820610,459900.9
7977201845,642716.4
2428100080,843582.4
2202500135,414407.16
1523550220,741249.1
2313900610,436499.22
4123840050,381291.88
2125059124,1305419.2
1225039067,480496.12
6431500283,476185.78
2473380010,303202.16
5694501195,427066.16
2881700046,376972.25
6837820330,318102.25
2337300370,204361.06
3876540630,228729.7
626059317,357168.88
3374500520,323949.16
7228501903,374890.16
4019300051,513672.16
4232902615,672757.5
3546000090,255611.89
8127700215,738147.9
3438501100,416385.88
1769600066,743782.94
8146100610,683868.75
3052700695,603493.06
7954310210,624899.7
3761700053,1630231.8
1320069179,356155.62
1331900410,779724.56
7303100210,354594.47
2464400285,493411.84
6163901150,354593.3
8955800045,341019.3
2314300200,411679.44
9528104360,422799.2
4177100005,589457.2
8856960260,335686.88
1828001220,606599.75
3066400710,637371.9
624110610,932503.8
4040800260,423169.03
5019500215,550188.94
2481630180,1366036.4
7203170190,685206.4
510001280,996678.8
9430110120,713926.5
1565950030,333238.8
9828202255,819093.3
3878900270,434356.97
8091600080,210683.3
1112000035,312777.47
2228900270,297476.22
6648701740,302131.06
1245003740,708313.7
2174503441,569787.0
7708250010,329970.34
6072300110,571948.5
2329800140,266835.6
1494300040,535127.2
3832050130,281610.78
7203100730,904634.0
7199330170,490225.66
7785000220,697479.0
1250201175,379384.75
4054500180,1034577.44
7905200061,421943.5
3751604895,199525.81
5220300140,330599.28
3323059027,324312.0
8651611980,892855.44
8673400190,546236.75
1668500100,801079.56
1023059365,577028.4
3308030060,345262.47
4232400860,1020244.1
2144800615,226043.9
1568100920,1773484.9
9406510040,507707.16
2923049421,327865.88
1051000040,1608887.2
2077700042,704617.7
9423800030,262992.53
9818700455,649858.56
7133300675,370714.34
4113800550,631022.4
5553300375,1778432.9
2025701530,280699.78
7942601155,456664.5
7524300020,287030.16
2520069100,297444.5
5412300410,224863.5
7504110760,729953.4
2594200350,462072.6
2722059013,215512.12
8078430480,538724.25
1423069162,553001.9
8856001090,165813.95
7000100631,716717.44
4222200280,228222.88
7971300050,641841.25
2009001600,272671.97
6619910140,614119.6
2877100985,532414.8
1196000007,372920.0
1330850130,748664.4
6664900410,267489.44
1231001110,333181.78
9235900030,265146.6
9407101840,308857.4
9523103001,417233.88
2149800278,400989.97
7234601198,665322.5
9476700035,385236.78
9297301065,695959.75
518500700,758988.56
7843500090,332556.44
6056110780,281842.4
2345700260,345217.6
3509600070,244922.55
1431700280,339765.12
1623049174,268588.25
3024089049,419934.28
7853340450,398571.44
7732410360,807389.3
1446800995,328190.4
2946000285,247581.31
425079100,460637.6
3876313040,447052.1
1762600260,1001191.56
1925069121,1034981.1
7443000480,873658.56
7820000015,363996.25
4027701253,477564.84
2826049165,374325.7
5426300060,884464.4
1278000210,165419.12
923000270,354844.2
7657600005,276370.38
3024079057,389252.1
3276180020,305798.97
7304300760,298221.03
3908100020,555019.94
8835400805,620782.6
4051150070,218018.67
3904930530,444988.94
6163900971,397419.22
7942600310,453184.1
4365700330,311379.88
423059207,286824.78
3992700265,340296.88
7177300090,489092.25
2540820010,671909.2
5700002510,955052.2
5201000030,585125.3
7631800015,2492245.8
2922702965,677117.1
1525059198,933554.3
1245003160,738918.3
3810000455,310783.06
7855600080,600382.0
5701500030,1169472.4
7504020400,602726.7
1402600570,311212.97
7575610760,266334.38
8731990370,369989.78
5021900090,942234.44
290000075,444732.72
2841500010,465721.28
3955900830,451386.28
7852110140,552117.6
1311400350,253111.6
7773800015,543015.44
4123400320,496588.53
2725069157,882100.56
666000143,733720.6
5101408678,552329.75
6371000026,380200.2
2024059084,718353.0
7283900036,347965.53
8881900230,776542.06
3959400135,365182.78
7696610270,226275.86
1689400150,799442.4
5103900015,411276.25
1441000350,431428.88
5101408735,376051.56
3126059027,2146494.8
2320069014,524132.34
9541600015,659678.56
8682320420,751142.94
1562200090,634535.1
3395070980,503941.12
7349600230,247578.75
522049122,273402.3
869700060,298115.12
811000055,1292393.8
1221059176,403723.25
1523059103,502475.66
2025760210,792107.44
9218400088,343036.9
8682292020,448246.53
2623089135,433893.97
3758900259,1201640.8
524069049,537381.4
3121500150,815127.3
5581400080,782780.4
8087800020,453192.53
4070700290,811327.8
3296000170,601695.2
9238500040,558668.25
2744600040,361936.44
6813600380,659733.3
6140100150,499026.25
2201500555,452001.06
2600110250,653717.0
4337000275,166161.88
1186000150,584693.7
1972201963,506986.5
1105000745,395273.4
2887700560,585114.44
4039700080,700256.7
522049104,307415.88
4202400078,244735.92
7520000695,210858.53
7714000310,385625.16
4319200060,695396.44
8624700015,643174.7
5104520610,314859.22
2354300845,330312.9
3824100291,493148.4
6151800612,303342.44
5454200080,987593.06
6413600290,375033.34
2131200065,305105.88
1459920010,290655.7
50300090,401135.78
2326300090,647578.94
7714000070,386135.1
3630180500,1003198.94
1727850340,1093691.0
8691430330,997483.3
2310030390,250843.22
5561400610,503904.6
7010701016,501669.16
7883605915,264899.9
1282300995,338823.06
4040700310,474835.25
3353400435,240098.6
2143701015,505343.6
255450020,386255.38
1020069017,318868.9
4038200120,513618.75
9284801100,277951.47
1965200075,697453.0
847100047,569870.7
4038700720,542315.7
6815100085,862509.7
2508000020,311288.56
255520180,657111.75
6822100750,582359.56
869700050,325539.56
1775801405,581299.4
6600400090,219055.42
7202330270,443246.4
1683400165,758518.75
2625069070,1023535.5
7625702440,440812.12
3388000640,238046.19
1899400365,315558.97
6899990200,779642.56
5569700020,908268.56
986000045,302050.3
3293700221,296533.47
3764800250,362862.44
2291400566,365332.9
4219401236,1430614.8
4239400840,162072.75
7211400990,191134.92
7696500280,195133.0
7215721070,520080.84
3204850140,367279.16
4322200220,636707.6
2566300100,1136977.9
1944900090,445759.84
6648500390,297387.22
7385300020,807751.6
1704900135,357990.78
2877100655,733297.75
2726079098,580895.3
7625703800,466981.7
318300040,466045.03
7922800190,510361.72
2023049361,236154.23
8946400210,466104.28
6071600450,535546.06
4343800100,404664.44
1443300140,383777.5
1024039001,803167.8
2767704860,588219.2
7234600851,570781.9
644200065,803049.2
7784400035,719019.94
3826000560,226334.67
9272202260,482978.03
263000253,426627.97
3621059043,651549.4
240000130,531969.94
1352300120,211367.55
7849200861,298564.0
2487700130,545014.4
1796100140,299164.03
7234601221,548954.2
8651710190,464410.47
2916200091,633281.1
1232000915,526733.5
1545801970,282913.12
3211200420,340251.12
7686204675,195904.53
3141600210,184790.39
3959401284,530577.44
2113700825,248030.66
3876000710,395739.62
522069022,541784.2
3214200070,374659.34
1221039156,287955.62
259600790,425923.22
785000040,472410.1
8138870470,541048.6
2596300035,298510.06
540100057,1504089.6
3073500045,481573.88
5363200266,437005.1
8682261650,533550.2
3224510080,857520.3
3211270160,392982.28
9269200520,169567.39
293810190,476306.47
4197400043,345385.0
3026079031,324938.84
5332200405,1018466.2
2473411210,305899.53
9268200315,549462.2
8123500050,587778.6
3221069091,500442.06
2485000165,708425.5
4058800215,639343.44
1926059039,792070.6
2533300680,918660.44
3343903640,304764.9
5700003705,1640136.6
2023049372,475705.22
4058800830,559007.9
3333002302,429641.75
2944500340,291865.4
1982200790,537060.6
8929000270,480842.03
8122101440,294464.38
7525530470,768687.06
9332800020,691993.7
3878900525,249090.11
5420300210,250227.6
9232900165,331324.4
6414100026,415992.03
3013300660,727687.94
7954300120,558373.1
1081200360,329991.06
2877102345,492888.44
2202500255,485498.38
7984400050,219620.27
9558020380,442163.0
7812801850,234862.86
8944460020,368897.75
2306400040,574080.2
8649400410,328437.22
7889602020,256890.14
2041000025,550228.44
871001484,624149.25
2767602141,566228.4
3630180470,784577.3
2769602140,454947.2
2473250280,319600.75
5422560660,494807.4
3756600240,374193.72
8651600160,799692.3
7202300540,812762.44
8961950250,430973.22
3303000130,423420.6
798000062,279786.22
1695900150,903890.56
1604730150,542374.44
4136930310,355827.78
8835401250,1431047.6
8665900328,425071.78
9262800255,293281.38
1853080570,834643.5
5556300114,897001.25
9517200290,456009.0
4037200295,496116.6
7417100123,386129.84
2620069077,215615.8
7922720040,614207.6
558100090,563278.5
257000037,270709.88
3319500385,488728.44
9297301520,328814.03
3580900090,366828.12
1321039076,181742.98
7227801581,291446.0
9407001620,302939.47
2130400150,324323.1
2312400200,253467.98
4046700210,397286.4
1193000480,964834.2
1492800296,554611.1
3013300017,434766.34
3630240140,621515.06
1049010390,341661.97
9320900420,145249.52
4315700060,374319.56
2591010290,315968.75
323089085,638409.2
6600400270,207895.08
2919701105,475730.84
7202360670,866348.4
8927600100,818187.06
3211700045,616114.56
4027701326,483690.78
1601600195,258112.92
7853280350,716768.7
3629970130,731440.8
7203120020,795884.5
9542900190,375287.84
8035350120,492665.78
1238501184,985457.94
251200240,479444.75
8945300200,197699.86
2162000160,1086769.1
5466310060,137514.97
1239400064,906942.44
5205000020,316746.7
1720800305,664850.0
7280300375,563184.2
2095800400,465758.06
7852010950,547549.7
1428001160,568574.9
9528104910,769447.25
8644210470,849118.44
7923300310,520943.72
254000100,700409.94
1931300688,484806.97
7007700030,434443.84
422049178,227184.02
422069067,474784.78
2923049393,372956.12
930000305,445133.7
2461900448,501696.78
2610100020,281005.47
2895550050,247383.78
7701700040,279683.47
2460900020,468977.56
9827700105,587207.9
1005000240,313952.03
7200001254,543098.06
866400040,534344.94
305000170,639751.1
2260800110,908589.75
3442000127,689582.5
5253300437,475282.56
7576700150,994755.1
5469501410,477808.78
5104531120,836601.9
723049434,343529.88
622069006,1458193.4
2517101200,311422.9
8159620160,240506.77
5561300640,421917.47
3317010130,217750.67
4364200250,405447.66
8732300060,764592.44
5603700025,742696.3
3585900190,1082317.0
3996900575,257498.94
8731801260,244380.7
3810000860,326141.22
5700003585,2244767.2
6332000050,488921.66
9286100250,435819.56
9471201110,942187.56
9290800050,678895.1
7300200400,639259.44
526069024,928847.7
1454600156,1192156.2
3904980360,507484.62
2626119062,274751.3
8651730290,420262.75
7611200195,743993.5
1919800260,631499.1
6632900354,290560.2
3972900195,331856.06
5151600170,302672.4
7016000440,473957.94
871000435,751211.1
9578060540,496517.88
2332700060,953745.94
766000240,288856.38
4363700200,307928.34
7100000250,365204.16
2781250560,218504.42
2781250100,347981.25
5419800220,262767.97
7147600245,250448.19
2926069083,797599.75
6189200125,780980.5
9542830160,294126.72
5152200020,278026.38
9412900045,491874.62
6600410480,185520.52
6979970080,561114.3
5636010280,279679.03
1732801300,874950.1
5561401530,507780.53
9578500510,362628.22
7304300906,341135.47
1223089077,627523.6
721049207,284460.1
8691330310,842629.2
1523069204,511917.62
3188100105,633255.3
6608500290,419104.97
2891400410,353662.8
7663700551,322708.6
5413200140,254376.47
425069139,628580.9
6713700155,366322.66
2767603505,486899.94
7789000080,274103.2
9211500620,216538.3
3750604417,199169.42
7922800320,553510.6
1471620240,377138.3
2222059052,354349.6
9551200270,1064771.8
2767603160,555531.25
9406710060,388922.84
8929000250,356060.38
5538300120,437753.03
2223069120,441391.03
1652500060,1570352.6
8564500240,420065.72
3629700120,630640.75
3943600070,415572.8
4171200025,293075.53
2425049063,3252684.8
9828701650,396139.12
3581000340,342050.03
8100900015,366455.16
2125059161,1155700.1
304000380,211162.31
8146200070,1545715.5
686530170,578413.4
2917200645,429861.2
9547200530,826194.7
2122059199,364651.06
1150000740,649881.1
5706200060,339995.1
9265410010,229749.34
4083800555,518885.53
6152900332,369956.47
2520900301,236103.0
9828200790,506005.5
1657530180,293912.44
7471900045,257621.22
9828200460,415813.06
1775900140,438827.94
6139800430,465049.0
7214400005,484914.22
5332200026,538786.8
9510970300,828044.0
2540830020,436253.34
3392100140,195832.2
1326069191,346508.56
2125059112,1223609.0
859000022,320138.34
8854100350,689831.75
121059007,201936.84
7977201707,506219.75
3859900060,2843811.5
8815400735,766401.6
705700530,347558.97
6600780130,356345.56
6378500105,422120.25
8143000310,490375.88
2877102330,691416.7
3526039074,628813.56
2115510300,262131.88
3024059014,2008039.2
2141330360,611348.4
546000400,503046.22
2071500011,408329.78
7972000240,220972.77
7016200460,459398.4
6204200180,452942.6
1552100135,1148210.2
88000173,463246.47
2581900235,761817.6
9211500560,226032.94
621069218,419919.12
1321970240,289463.03
798000630,308377.34
421000285,255775.84
2824600180,843558.25
3832051140,309720.38
1237500105,756435.3
8802400906,265080.84
3166900270,405592.28
3682000060,394172.72
5469700020,284836.8
1245001820,591011.3
9547205660,576217.7
7974700122,731625.0
7550801225,578009.2
1099950050,785547.25
1402900460,318547.97
7636800041,1568628.9
2115720270,255780.2
8651441750,195911.67
3904100035,252982.92
8815400020,637679.94
3303860590,479686.6
5427110040,1170341.2
1782000160,355282.47
6204420290,502135.8
3995700245,289422.53
7955040130,471713.88
1442880650,525258.56
8833510230,939024.5
7283900551,445202.53
4396000180,284427.97
7504021310,704650.7
322059264,261527.4
3654800040,292021.22
2767704777,514929.78
3278602190,337007.44
3236500220,482796.12
3410600100,300699.53
629410180,730030.1
3352402250,144497.28
4363700304,364330.53
7237550130,1280468.6
9808590210,1168671.6
8074200175,274754.78
3463400330,422949.94
6306400140,881102.06
8564950250,533932.7
5381000070,220307.53
9826700697,501086.56
8132700190,468705.47
7943000020,180604.11
9547204675,558077.1
4112100101,488945.06
727500030,729996.3
114101426,390191.78
9274202005,789234.56
1193000380,878269.06
3039000020,465064.62
7852170130,671196.4
2624079010,601403.2
4137010540,292769.28
7576200012,931942.5
1138020020,343711.6
3969300030,201318.47
898000200,204113.4
5153100030,313058.97
5104532030,528824.7
4406000050,224608.64
9274203390,620853.6
8682290360,447714.28
6928600330,261680.69
4139680070,841749.9
6844702690,473132.8
2154970020,2130273.2
4385701285,1207979.5
2426059071,634018.9
2867300160,613232.9
9512500720,521484.84
1773101020,307895.53
8687800100,298224.56
3627800050,1500276.8
1604600227,252355.25
3300701170,415477.97
9250900111,484637.78
7015200790,634694.56
1311100490,248283.06
2469000010,1012188.44
1982201596,595441.3
1862700290,349512.1
2586800270,248576.58
9528102772,458931.34
5490210200,464762.53
6669080020,437225.72
179003055,245538.34
1860600535,941886.75
1592000130,586571.7
3905040170,530988.75
9320500080,259316.52
9276200850,476079.2
224069114,666645.3
2260000340,576744.7
5096300130,391764.16
3432500215,359859.56
2600000050,737984.25
8856003839,228763.75
2492200435,398984.94
7855900110,1140572.9
6806100250,311951.1
2770603523,476488.62
1370800515,2009432.5
2726049150,480707.84
1226059161,580568.44
1068000375,4097103.8
9528104109,484794.94
5126310060,519367.1
1951820070,546514.1
1545805980,416125.9
9464700340,915846.56
4319200675,864117.44
7518500885,565812.9
7852020620,483830.56
869700370,337823.5
8643000190,266189.72
8902000267,619890.94
7972602435,254959.34
2050100210,901983.25
6705120540,482005.8
2767601390,588599.44
4141000490,1189171.9
9345400350,769120.4
3222079162,338559.16
7789000120,262270.5
6646200770,691968.5
6666800180,847365.25
1725800280,479672.34
6117500460,1042131.2
5470100220,230868.61
5457300478,470190.16
7550800195,586883.8
7787050180,552282.2
6204430250,542376.7
7640400250,503189.25
624110920,812621.5
3629920140,396591.88
7173700518,692030.8
3210200395,236803.14
2473480560,402168.78
2623089141,470380.47
1423800080,224354.64
2076400050,311146.8
3832060120,295590.8
7702600930,448918.56
5101404555,442821.94
3723800415,440525.75
3356403400,227522.98
9214400125,534369.25
1797500530,548940.6
9551201660,1181097.4
3878900815,346508.25
1760650280,318178.8
5466410030,233615.78
6388930620,624421.5
2331300395,805572.06
9412700160,299596.22
871001611,657178.56
3142600120,589547.44
3995700220,343648.7
2310000280,286480.06
8039900400,395013.4
7504021510,684791.0
1959700445,1674042.0
1556200155,527011.4
3629960590,380239.16
259000240,447753.28
662440020,390407.97
3123049142,555134.7
321100260,826833.5
6840701095,539050.56
3738900165,381014.25
4427100130,363765.56
9238500100,468292.78
6145601810,361201.62
2570300090,391093.34
4017600010,524587.06
1005000220,393090.53
1257202120,527732.75
9527000490,468093.1
8691400080,690473.44
1726069084,452025.75
248000240,206428.25
6113400046,379063.88
2130702350,361862.7
920069052,256036.44
6071300160,527558.3
1623049041,155891.61
9268200285,352038.16
1843100520,365724.12
2887700826,609678.7
9122000385,589968.7
9475700220,390482.94
2804600005,803039.2
2896400300,411949.2
5015000180,763849.94
3630220180,768402.9
8832900780,591305.75
1568100300,453362.12
8718500610,403639.53
4147200140,1143399.5
1973700030,879667.3
8862000075,173903.25
9320990110,318123.44
1151100035,433339.75
2011000010,235597.11
1651500060,1042994.25
446000190,837759.25
2344300220,883639.7
523049195,230756.58
9191200015,646523.94
7942601410,700151.9
7137800300,221257.03
7853300280,516604.56
6654700240,332834.66
569000050,611830.6
3584000180,233053.97
2026079055,318047.56
8898700880,287097.4
5075400150,649485.1
8731981360,359992.88
4222500020,224349.38
7996720050,550591.1
4077800094,637420.44
6446200365,646783.4
2824089053,521121.03
1311800220,221499.1
3522049063,567666.44
1721801280,216565.11
6131600240,197073.27
7202310040,608815.9
1123059125,550052.6
646910160,223148.86
5630500005,393787.03
3342100785,327892.16
9547205610,635768.25
1773100123,283700.53
3353400092,308451.06
217500015,389094.16
3649100031,409099.5
7896300150,295460.28
623049185,266116.97
1773100430,320376.2
1781500220,814978.25
3395380200,230851.92
2424059170,2636909.8
4389200765,1664451.9
1543000060,474068.7
6154900005,643014.0
2902200240,509068.44
1442880640,528671.75
8562770490,541187.56
2768300655,609348.06
3432501315,327604.56
5035300570,774070.56
3626039028,567447.06
3876540780,235694.36
327000100,1081463.5
7551300065,478764.3
1312920060,251337.36
2215901230,258131.8
6306800010,450292.28
2767700022,512613.88
5589900610,608108.1
4320200020,709946.5
5249804655,658207.2
9238500480,542550.8
3885806565,1134417.8
7905200205,478095.47
5727500102,341585.06
3585220070,393690.12
2078500210,553402.3
1839920050,385484.0
534000080,325030.12
856000255,649936.0
4141010110,1565071.6
9558040820,645328.06
7768700315,1259464.4
2796100640,274047.56
1922059010,217667.89
3448000542,266524.28
3883100220,300207.25
7237301210,279588.9
3893100456,888321.06
9578501110,366432.12
6145601995,420585.7
4024100120,319164.12
8899000050,341232.9
3396820010,579248.9
6749700117,326877.94
1954400060,505501.34
3303970100,741544.5
2540850070,458641.4
3797000745,469862.47
7883603700,264807.25
3438501452,444391.72
3530210260,675198.7
3598600049,197843.67
731500170,367799.38
7129304375,178376.0
263000006,415211.44
7212660560,311277.38
1112700010,413334.12
3420069060,698169.44
2473000470,471800.72
8691390980,718350.56
6184700100,414966.53
4476400275,378046.7
2968801240,306982.97
1529300160,425474.06
7640400070,631565.1
7016100380,435025.4
2172000890,455868.38
4035900015,661758.5
9528104660,1083649.5
507100005,366662.53
2783100160,394165.38
3629921140,859850.56
1099750610,242237.16
1330300451,1168193.4
2757000030,924980.2
2114700190,346991.3
2050000020,1026390.8
3832500790,274959.53
2612000390,326361.9
1483300430,511610.9
8899200720,297365.78
9183700470,313944.5
3530490031,205728.69
7857001225,303409.1
7920100083,422164.0
2254501620,422068.62
3303000130,423420.6
3876200070,408217.16
369000365,392659.62
3052700385,716152.9
7856550240,832345.1
7300410110,359970.53
7201800300,440039.78
1695900060,489743.75
9429500146,1112436.8
3629910240,672516.25
8805400090,250862.84
1022069050,252084.56
1138010530,368726.44
7877400266,173739.61
7974200452,976643.5
2126049265,455163.88
9547204350,696224.2
5560000680,182015.36
3793500550,308540.84
4217401195,989704.8
1826049408,370876.12
3905100210,460695.7
7695370160,508132.03
3210400060,227500.6
6146600170,123126.39
2767601750,465077.47
1773100926,352558.47
5700002125,536340.6
1951100100,192865.84
1402200340,309553.38
8044200200,376534.78
66000070,331544.88
5083100065,194122.38
4027701284,403482.97
5693501100,571060.3
3600072,518686.3
8078550250,309954.88
1922059046,286024.62
2902200016,665465.3
9183700845,164278.55
3333001997,316554.2
1432400525,254510.72
2824059128,477397.9
6453550090,888518.4
6202600070,1442994.0
7524100280,220802.67
3524039224,860029.0
5739601300,578407.94
2473000410,397351.9
421059018,311623.47
4232901120,745443.0
5559600140,248234.77
3797310150,277429.97
7986400265,809740.6
3025300095,2352116.2
7524950830,600456.2
9407100730,262859.88
3812400854,390120.9
6002400030,361547.62
2212200090,236295.47
7202330610,522338.44
7300400170,308840.62
8965000110,466735.78
3996900125,320992.78
2221000100,291565.9
1524079088,356350.1
1133000036,371879.38
1868901190,703258.9
4037200530,450054.47
2095500120,329009.03
1995200338,803677.7
8820902350,656998.0
7459810210,375258.2
9536600010,631265.8
8085400586,1689303.2
7518503065,363743.38
8682320350,665320.6
3179100790,732478.1
9828702666,505791.25
6713700250,543853.6
2141330700,658148.5
7519001990,395911.2
3223069019,325747.84
7994700030,424152.88
2592300450,301508.6
2792000010,430329.78
173000025,449833.06
7203150330,661321.75
3305100210,927252.9
2581300055,986953.4
6613000750,1623061.1
7015200685,664054.9
1323089184,503134.8
3793500510,406168.1
2225079030,335099.25
3578400710,408748.84
8100000090,271615.75
2095500040,315891.22
8682281710,732423.9
6163901380,304978.6
6918720080,598253.2
6914700130,514046.2
1205000215,524753.9
3800008,277832.22
6150200180,290014.03
1223089066,832519.5
7768800290,792712.7
9285800330,861095.2
1974300020,499298.94
7628700050,822514.0
9376301800,681365.1
8651430220,192164.23
629810350,800648.9
5016002180,955496.06
9558010230,350070.1
8732000390,237241.73
7899800586,337556.75
5249802460,423513.44
1446300020,521637.56
7785380150,444205.53
1245500950,712776.56
3362400640,610347.06
7578200310,677033.8
4137020910,283288.75
11520640,780389.44
7972601995,249536.44
8122100160,427832.62
9456200450,281094.53
1328320760,341639.8
4025300285,346320.53
2721600125,989646.8
1123049027,190773.05
3542300060,229348.27
291310340,520245.28
8651720420,455126.1
3298200790,384016.47
4037200585,465540.47
1329000090,1445011.2
9279700013,1221079.4
4151800265,564440.9
7760400210,238842.1
5029450110,205877.55
9492500160,864321.7
3578400270,441399.03
7606200090,314828.47
3682000050,370143.8
1250200415,341508.7
629811600,713175.6
1839500115,329473.34
1176001293,1517180.9
3013300409,419336.03
7853280370,721140.3
3275780030,634359.44
3336001946,242239.72
5456000110,770857.9
2473250400,287099.97
5393601635,553506.4
8820902905,370514.12
1245001659,752177.7
1523069215,471208.34
930000234,439050.84
4083301645,773258.56
4055700778,579984.9
2781230080,430628.25
3629910210,667383.9
7856700060,648741.9
7589700055,489361.16
3888100043,376904.16
6381501636,396875.28
3303951150,390846.1
8638500170,349899.47
5635100050,423804.1
8820901792,808359.75
5456000025,1321240.4
985001275,180715.11
9560500105,705131.9
1421069117,237541.3
4154300296,325229.66
795000620,138181.7
9828702335,525367.25
1250202145,1007391.5
1163400070,248931.45
5652600065,677715.6
1042700050,819564.1
8899210320,355570.22
1651800030,1773763.6
2919201365,770178.8
4365200895,331904.72
6841700100,810467.25
7376300060,430622.66
7852090180,524215.47
9222400565,548864.8
9542400075,909575.9
7338000150,181620.12
4322500110,608708.0
7694200070,405700.2
9321010130,273268.6
3204300455,1339873.2
6706000040,318910.34
1565930130,531769.7
3279000420,225695.53
194000575,516262.62
2115510160,252365.84
7522500005,573752.0
3787000140,486719.72
7852110690,618119.25
5469700260,368275.8
8691410730,691909.2
114100763,276361.22
1257202430,978128.8
7000100635,508921.44
1900000195,200635.6
251500330,1649913.8
7701960210,823114.5
4037000065,422031.8
522059299,259044.58
6072300800,640694.7
6821102358,575257.44
5029450200,222432.7
8860310240,566181.0
826000295,385172.5
9417400110,410466.62
3959400345,711614.6
8899000430,331457.44
7527200030,780149.0
8562720410,1317745.5
1432400335,223688.36
6699940320,361196.38
2525059172,712670.8
7548301044,365204.53
2141300420,783068.75
5100401414,423956.8
7346600092,234436.5
6852700478,529138.06
87000213,241716.39
5416500260,306603.0
322059097,287890.7
7229900005,340129.2
7116000350,141248.98
3739500096,372558.94
6744700900,762950.0
1959700550,1031178.0
5589300435,341465.12
1775920350,354125.47
3750607974,294569.22
5318100935,868432.75
1442700430,523907.72
9346700030,672497.44
1841500050,351336.9
7278100665,386076.97
8635750980,616529.8
6909700340,648486.4
7011201475,826561.2
9348500220,541941.94
3876313170,435362.66
2195700050,910922.5
3760100200,458442.12
3396800120,501522.9
3750603685,271540.12
9828702310,551377.44
8656300380,374567.1
1438000170,586593.25
2423069164,487113.44
2112700845,311762.1
7635801370,516676.25
8572900135,422304.66
7504010590,772628.0
6821100125,464979.53
4310702775,283667.3
2591010180,418067.5
9828700235,693628.3
9376301180,502579.72
1646502355,1199539.0
1498301672,455276.75
7715600070,366335.7
7283900045,467487.72
522069119,493726.28
5200100125,595981.56
826069184,483240.97
3271300155,811326.6
4444800045,647591.06
8682291050,759119.94
2770605420,517994.38
1556200205,471633.38
269000970,1349759.1
9264900880,274185.62
2323059074,222945.19
1224059053,1518304.2
3755500065,471444.47
2571900430,386010.25
3705000070,291143.47
824069173,612164.56
1735800050,152013.7
3025059089,944513.75
6132600655,909742.9
1068000255,1860520.4
3052700921,685252.8
3024089057,317273.94
7390400026,284306.56
1787600224,412498.4
2923049372,347887.62
7015201015,1001146.5
7701990040,824663.75
1925059194,1101186.6
301401370,340056.06
1931300955,418150.9
2395710070,373095.53
2591820070,404497.3
7883604065,268201.44
808300200,506210.97
1421069159,473584.8
8562780540,339785.34
2787720300,378224.06
2349300069,322091.6
739000035,179673.22
2397101460,646949.44
7625702437,390833.38
5101406441,477786.16
3323500010,1253045.8
225039082,783053.3
8078100260,335170.53
4139480200,1388577.9
7436300160,429387.47
822039004,593298.5
8651442910,227580.73
1370803510,727266.25
3342100569,630798.94
1310430400,506049.25
104540820,245025.02
4305500030,593390.9
993000090,761169.3
8044050040,425947.06
5707500050,848307.44
6306800080,382925.28
9206700190,766639.0
8732040090,316856.47
3037200045,448072.78
438000025,636056.94
239000115,317017.75
8929000230,480609.16
7135520610,1122310.8
5561300340,529297.2
9530100085,684549.9
6613000140,1538225.5
8835210130,326503.47
3782400190,362000.8
379000051,285668.7
3869900150,335209.47
4322200050,458929.16
8961980290,710949.94
2558670110,472058.53
1124000010,444205.03
3869900138,480487.47
7853300720,468415.34
251300110,306027.25
3904100041,244435.12
7701990300,816208.6
8682231190,569922.6
7888200240,225679.53
2025700730,313998.53
3066410800,686039.44
7576200040,777801.75
2526069095,1036722.56
2781270530,187820.3
3763300005,481869.5
1523049083,204676.56
923049468,200042.16
3303700221,652323.25
1502400140,226292.98
2880100160,956087.4
4083304535,872036.6
8820902549,518476.56
4139400060,822869.9
1222069094,343378.66
9367200205,645145.75
2734100736,310268.6
3856904580,706618.0
3812400789,351766.6
3303980090,1014354.44
1314300018,301818.22
9522400350,537290.06
7524350080,345285.38
9406520260,333329.12
3278602040,384017.8
7696620100,226988.14
3751600635,216630.06
6365900065,402525.66
8732800100,271560.5
3876540410,242322.88
7349660050,260689.84
1036700220,655326.06
5417600200,311853.97
8732020310,277666.62
6844703240,924935.75
923059206,355064.47
4038700220,575157.5
2597520900,751812.25
7203230040,982875.3
8820903560,316848.84
424069112,729114.94
6056100102,510207.16
1823069155,475910.44
9412400220,2840055.8
6851700381,1046151.7
13001215,304755.06
3630180340,796257.5
6746701090,566096.5
3832050760,277301.9
369000690,485557.25
6071900130,566992.94
7266200085,638671.94
1473120390,432459.6
9523100458,556024.2
4345000510,261012.94
6600220090,465252.4
8079040320,397551.1
1357900060,464683.2
3996900295,330219.7
1442700250,563748.8
5021900175,668379.3
4365700130,327326.84
3876100320,470701.47
2124069103,433094.8
6700400140,264856.8
7852090810,512520.8
1454600038,859991.3
4137000250,302038.62
9826700726,516849.94
6716700325,461571.84
8562750300,584987.44
9315600050,1672053.6
2790410250,663028.7
7732410130,737392.0
1387301730,350603.47
1568100220,358765.8
3975400085,827914.3
339600110,439581.16
7888400500,220806.42
1842390130,718527.25
7595700025,366681.5
2158900140,825129.25
6151800070,350377.28
9294300515,763043.25
1250202660,790352.4
9106000005,1058968.1
5035300085,776070.3
8898700440,290452.53
723049197,203177.27
2019200220,229540.39
2926049408,695235.1
4233600190,969484.56
9268851860,441842.6
5458800620,672094.94
424069096,497126.7
8150100265,253349.86
2742100085,351477.03
8045600130,408482.78
8039900086,311562.62
4131500190,333848.53
1370802650,768142.3
821049149,260963.7
5104520460,369332.06
5466750140,255500.33
1703900155,316166.16
8658303065,315860.1
3298720030,435089.06
1839900080,323683.22
1561600025,762788.3
6064800410,309109.7
621069102,245464.19
7853360620,418494.44
9385200045,613204.56
7214770020,647910.9
5412300100,233617.52
2025701360,267597.84
7334602070,308431.44
8029200190,209581.0
2622049052,638910.56
3126049261,353009.72
4443800705,465270.22
2473420100,310410.44
7922710520,511437.66
3336001911,289415.62
3797000300,452739.88
5406500480,639723.6
6706600090,465890.94
1518000230,334601.75
1250202990,867265.4
6441800060,814167.06
2141500070,453544.88
9407101900,270923.97
5451300117,1950643.6
326069132,451137.62
7153400100,249193.14
3083000910,457882.75
3021059304,323486.22
2597530650,770643.3
3972900215,333005.28
2473420070,311514.25
6115400008,511018.38
8682220230,824438.5
642150080,570827.9
3775300030,334054.9
5418200340,665954.3
2424059119,951881.75
7899800476,246010.28
8598200070,267099.3
2421059125,513181.7
9528102771,541652.25
7522500020,612393.25
7202340720,617120.7
3286800260,555757.7
1121059105,457326.72
7504030220,651505.5
4045100190,1622181.2
9406530090,366383.94
7138000260,260656.1
2600010390,696018.06
2917200365,440654.78
2191600780,204354.39
7784000180,460371.8
6149700194,325065.0
8082400136,732703.8
7202340930,653217.06
1972200556,608469.75
2767604170,502510.03
3271301175,595339.1
3223059303,521038.22
7598100735,1123851.4
3348401490,310070.0
1545803390,293092.94
2296700050,508663.06
3626500045,725066.1
1596600060,254176.11
3616600250,1349223.2
8078560140,296478.03
1796360350,245688.6
2770601763,502789.6
3223069118,696178.4
2473372040,356526.9
3575302759,408089.72
5706200170,511391.06
1774000030,475206.56
2224700136,345108.6
1250200418,344059.72
5416500840,362924.56
7335400345,138727.88
3776300010,963836.94
8857320130,494436.97
424069206,782821.44
3592500985,1111189.5
9828701295,412205.22
2621750340,317132.84
7334401000,244304.2
3286800110,557740.9
1722069097,469144.88
3574770030,577051.7
1336300610,1156765.5
7230900100,325443.62
6141100320,331474.72
2767602356,782301.0
476000017,489060.53
2558600100,443723.4
3500100015,293991.5
4074300150,407979.5
8907500070,3600837.8
4388000260,201517.08
2475900850,243349.72
7852010900,533816.6
318500300,692857.56
9200000050,188047.19
1026069106,473403.66
205000120,653878.44
2616800600,898715.56
921049141,688278.56
2023069059,741104.1
7229900145,444609.88
4376800010,545595.3
4389201095,2245306.8
826069127,471542.88
2310000250,283425.88
4058801225,352003.5
6600220550,454578.75
3585300194,1388005.0
2594200375,447051.6
1102000514,916008.75
1862400471,375844.06
6928000440,316971.2
9578060470,514218.22
8732020670,251183.42
1823069088,350589.06
8712100350,1108192.9
3420069055,342368.06
4229900140,318909.53
8682280490,422274.1
3830630310,249430.45
5100400251,398419.88
1737100830,590856.44
1630700276,456366.9
6326000205,458472.56
3426049284,2678417.2
3814900260,412501.75
7403200050,1649499.8
1725059252,790255.0
8899200570,317861.44
4137000700,272806.53
1115300270,699999.4
3904920380,604138.8
2695600195,386564.28
9542100135,862142.0
1552510160,419751.8
1823059241,821174.3
2193320450,597132.7
1122069006,561507.6
7853340330,395219.1
1954420380,476695.8
7299600530,274266.8
1760650670,272146.1
6819100080,640990.5
2767704649,491669.03
2424059035,868080.94
1566100400,401492.12
5255690060,467156.97
8860500130,407825.4
7349650120,314607.1
3291800670,446216.0
3764650010,510778.47
5416500950,413478.6
7973202712,207289.03
3291800120,243849.03
9211500620,216538.3
8643200020,387877.5
9197100101,190890.61
3531900060,349838.72
8842400071,426059.9
6844701680,506039.6
6413600285,441795.62
5196410260,977648.0
824069121,844003.75
3876313120,416040.66
269000030,928129.1
1560930070,855923.75
4435000705,201418.61
9542400025,846635.1
2470200020,1646144.9
7519000580,555614.2
1226059101,552268.8
4449800063,395438.47
2815600305,659170.2
3821200050,221023.66
2644900110,381036.06
8058500005,379495.28
1099760230,233185.55
1954430180,504071.8
7853360480,521845.84
7229100040,319228.66
1432400120,198936.95
1898200080,330628.53
4054520100,875785.4
2568200140,772750.44
587550010,711283.4
4154303215,794297.5
6358900070,934235.2
3277801640,442485.06
6209000165,319104.28
6143000020,267953.97
2591780180,419301.4
5412400170,246189.81
5466350120,252644.03
2877104196,675895.4
3222059007,333518.25
7957600025,262816.34
2698200210,271716.34
3764500230,590765.06
414100630,352494.84
8029740060,327281.75
1426049054,371664.25
546001060,695770.94
3277801417,417887.56
3630120970,760707.3
2326059080,1013708.3
3278612370,363340.94
4024700100,321174.94
7697870860,233234.23
8562900240,701014.6
4059400585,222527.56
5703000050,476869.75
7701990560,824042.44
1760650610,314504.47
5408100035,421569.28
1370800560,1389114.2
2880100240,503539.62
3630060150,566623.7
6071700020,528675.94
2473002500,471062.3
2768300650,505291.84
3523089019,782216.5
2787250190,527490.1
9477940440,427021.66
8732030440,284174.8
236500050,313535.25
993000100,764662.8
5466700360,252768.12
7203220300,864871.7
8682292180,417422.53
5209200010,511520.6
7853360990,417262.44
8663310010,448213.38
2313900165,543570.3
6114600030,651343.56
3303990030,864589.2
6679000960,368817.16
8161000230,597422.2
9510860060,707230.2
1223089083,755684.3
2721049059,292024.72
2523039278,291781.9
9826700707,480703.5
2159900120,485276.22
2767600635,616789.94
3812400455,422937.06
7852030960,437323.9
319500080,712451.3
1061500360,313728.75
1787600209,385003.1
7888700030,557266.8
3623500260,966137.25
4219400520,1409439.6
518500460,2093263.4
2500600297,273011.56
7283900010,276468.4
9225900055,314663.47
4036800925,428191.56
7967900150,366215.7
1782000130,416744.1
3163600015,136654.56
254000075,364749.8
1424059022,1028245.94
2768200090,745545.6
4319200505,504320.4
1592000780,661901.1
1687910100,593483.6
5200100115,582479.2
3751600176,216555.02
5608010650,932537.0
2051200506,342008.2
2781280310,291285.84
1023059190,263832.5
2787310130,267002.16
4358700100,423778.78
3121069036,548144.6
1959700225,671022.94
3205500230,381110.34
7974200937,514415.5
6819100111,987795.25
6146600175,165931.7
1525069095,807243.4
1231000510,481791.7
4122700040,1007149.2
2426039314,290227.53
2013200390,269041.34
1854900330,685768.3
1923300135,572507.75
582000135,543052.6
587800130,290768.6
7840800135,200434.86
6116500366,386425.53
6392002635,657547.6
5361700020,325372.88
106000395,431079.16
7199330390,388382.53
2484700155,639512.56
4038300070,443962.44
9407101850,317177.53
293610040,596808.06
7202360760,840422.25
5608010750,1099507.5
7236500025,304151.22
9144300120,342754.5
1454100267,419325.5
1377800135,630726.0
7967700570,235475.08
1562100220,599053.8
2923039243,458908.03
868002080,813450.9
7137960460,274672.1
1023089096,300249.4
3262300818,1864627.2
8563050110,577311.6
7137300245,426310.34
4365200630,438871.47
4100500070,1796414.9
3821400200,266208.72
5379803386,257761.89
4237901075,562907.94
8118600155,398611.47
8946780080,842429.06
1428000970,436841.84
7011201004,701983.3
2799800180,354788.3
522059130,262275.97
4315701163,579387.4
3649100387,446354.84
2125410210,480010.4
3224900130,229560.9
6798100661,296921.88
3626039325,915777.9
8730000270,341306.4
6065301040,830919.4
1665400165,234238.61
2203500140,401650.8
4058800875,375876.53
5076700025,460077.1
7853420110,605437.8
7818700480,330497.2
8658303080,352425.94
3187600100,610032.4
4077800518,379300.38
2470100110,4763353.0
3451000206,316826.2
1843200350,156859.2
7904700126,400117.03
9430000070,269835.0
6003500749,644681.8
7701990700,810824.6
1310820150,343281.06
3975400190,625309.0
4100000050,678062.1
7202270700,580445.4
7370600020,646159.06
126059225,495749.25
106000015,433778.2
4458800060,960336.0
8944290090,223893.0
8682250330,667619.7
9834200390,490679.88
3275880100,720473.7
7227501190,250432.11
1796100010,688620.8
3831200210,293589.22
2521039066,285072.5
7701800050,448408.94
3904960910,663870.44
5647900670,269848.1
7234600796,503906.06
3021059244,222854.48
7787400030,1839896.1
2051200436,601581.6
8820901415,358526.9
3523069047,783332.75
9194101388,450182.2
7277100610,429712.53
9471200370,2082357.2
2767800140,684735.0
3629870110,555660.7
9136102057,630116.25
8648900060,538878.2
3678900110,404187.47
2767600150,508537.44
1972201511,634695.5
6055000430,537770.5
6624030050,408054.8
2215450150,340099.56
2767603824,458349.03
3585900460,946116.2
2922069134,424933.8
9267200062,349587.72
7228500425,546207.5
1089000190,821615.3
3359500960,484274.53
5152100160,446251.53
7230300060,372652.6
2423059067,480918.53
8016250060,252565.12
2524059267,1044478.5
1438000440,523498.88
3326069026,651025.06
9353300600,295654.66
8691410060,692298.4
6332940070,529709.25
1310980110,300050.0
7428000120,243241.62
3626079040,689986.94
2722049077,297714.4
984220290,303405.1
5347200160,237542.17
4154303655,484409.62
2953000250,265026.88
9523102447,671604.0
5104511840,418381.62
3448740250,429785.0
4219400290,1133389.5
5152100060,535102.2
3279000460,215557.58
1102001274,1065391.6
1251200155,1154931.5
2025700740,273335.25
3820350050,356246.22
1245000438,786032.4
7853230200,448354.72
3832200070,257639.95
2926049400,465413.2
1246700251,875787.44
6372000155,598264.94
7950300670,363527.0
7518504130,577985.5
9286100200,458821.88
3992700585,482040.1
7234600786,792378.8
5476800069,345481.44
1126059201,1264149.2
9527000090,481760.88
402000115,283936.03
8818400450,1077876.0
2475900840,242878.31
1437500015,260581.2
2848700095,403450.2
1529300135,345508.16
2597520090,822428.25
7812801125,202754.05
3343903647,446383.38
1951600250,157842.36
9542840590,261537.34
8081010040,1188308.0
3262301355,1439242.4
1861400068,447604.56
3295900490,432924.97
4345000440,238479.05
4219400465,1002063.6
3797700030,273291.3
3204300860,788014.94
1930301555,544593.4
8807300130,343600.28
4391600035,319149.5
5021900140,1870997.9
2946000590,268867.16
686400210,540567.75
3365900462,262944.44
8682262170,408342.84
7312400325,354289.8
3760100100,413948.84
3579000410,456276.75
1773100755,530094.9
7129300175,340034.03
6303400965,257623.12
1328320440,345518.7
3686900025,234405.7
1221039066,391462.97
7950304095,357805.34
3585900785,1025438.7
9455200329,525247.75
629410130,751899.8
1994200375,610630.56
6669200370,999210.3
7262200150,248317.88
7504010750,590026.1
5253300173,317215.4
3395040200,292173.12
322069109,386044.5
4054510270,1056381.8
1710400005,551926.3
8644300170,687824.8
2450000290,1107520.6
6102400166,751107.0
1934800087,428298.2
3333000775,278643.22
5393600509,300671.5
621069039,341933.12
3343903611,642555.3
2954400020,1155055.9
7972000010,192296.36
7214810510,448326.75
5561300540,477327.3
2634500070,399235.9
6822100310,745944.2
9201000100,798112.56
1072100085,342311.5
6190701146,408213.78
3277800845,241227.44
112900020,348196.7
1324059048,639880.44
7979900126,437898.44
7199330370,432220.6
6381500720,413289.62
8078550190,286715.1
7853440140,782042.7
6300000396,374887.84
3374500250,374940.66
3343901188,272210.25
6979900010,780591.3
7199340320,565373.44
1112000125,390476.9
9269200150,376200.03
5104510210,303846.44
925059219,608678.3
100600320,205414.28
1789900080,260135.25
2123049142,325164.88
2459900040,635735.56
3902300450,578526.06
7250000065,327850.3
7823700005,302748.8
3750605247,219716.45
2771601730,496003.44
3298600440,376918.84
9141100005,612185.3
8682262190,411643.66
9407111250,251940.1
1336800010,1691289.1
2255500060,639058.2
7950302345,333804.12
8658303585,263111.7
9184700600,1172174.5
8068000440,290491.12
1310000130,315937.16
7853221330,695262.2
1222029077,442760.38
8562891100,348508.56
2517000260,364775.06
2225300149,358166.72
8651410330,167383.89
2413910050,616306.9
9407100720,287604.38
2112700920,340371.47
3761700251,867814.94
1036400100,710812.44
3585300365,706045.75
8562750060,784700.0
2719100042,521454.22
952007055,406693.3
925049318,596539.8
7203220260,962879.1
9320990140,337760.66
8567450140,533864.2
5379800810,194986.39
7784000100,588023.75
3992700475,432673.66
7905380280,422991.3
943100683,405718.12
8029770470,553528.0
2818600060,1091567.2
1226039124,455884.44
726049184,293582.34
795001930,252990.16
339350150,723967.9
1332700270,302936.88
7548300170,625152.5
6141100330,391025.03
647100096,895235.1
6744700423,419000.12
2895800750,277100.8
4046600220,343610.25
8809200070,386146.34
293700110,804292.4
4178500440,251502.08
4358700164,255262.83
9197100263,235045.88
2426039313,289167.9
9468200163,639493.1
475000190,496919.97
7504180170,478854.75
4036800170,479228.9
2561330040,457524.75
4123400340,509371.62
524069115,931341.06
4047200850,312268.06
8651440230,230179.17
3905030140,546516.06
510000641,694403.9
8663370020,437096.28
2883200760,695915.1
1980200384,819025.2
9468200140,503167.12
1796370150,260019.08
9238900085,608644.2
9191201325,566497.6
2538400060,990637.6
3758900037,980963.25
2472920800,405521.6
321030150,333417.8
2571910100,337570.9
1423910670,286930.12
1118500030,797414.3
1939000010,655560.56
1776460190,469880.94
7504400290,631808.44
3448700070,420596.3
7518501025,538832.3
923059252,505305.88
1431700210,248208.06
8635760480,573624.5
9175600025,4398956.5
7922720250,540720.0
8944360390,467310.94
8948500065,223975.83
8669160310,273547.8
6117502745,553997.44
1789800020,380734.56
226039186,328918.6
6457000080,272445.47
9557300080,544087.94
8562790480,658544.3
6430500008,495728.3
1604590230,775251.56
9542850290,754699.8
7831800395,274693.12
3317500030,1077928.2
624101110,760743.0
3654200039,376504.7
7856000150,805477.75
4338800685,284038.47
3211230300,410024.3
3904910650,557307.0
3598600088,282001.2
3796000400,356623.28
7972601280,443644.75
1450300050,263774.75
7504050090,803804.8
9202650130,577317.7
2419600075,356275.94
1224049005,1039469.5
7129303240,300026.9
1922059135,206653.84
7852020250,662953.25
4139910180,1510643.4
4222300040,267527.1
1024069027,1060934.2
8944600620,522690.3
5040800060,828175.94
1036400200,641703.0
7899800915,271643.66
3325069025,504087.3
9408300310,613224.06
1773100604,350100.25
5451100490,1018901.2
9536602080,188896.83
9828702055,422736.72
3362401758,487480.97
476000333,455356.7
4364700730,341179.06
5559200020,273296.44
7522600110,252160.45
104510440,249825.44
8820901275,505080.16
3298700125,261667.66
323089172,438232.72
5364200477,624316.6
2222900082,362129.9
6641800020,567352.0
9358001422,297698.0
3438501150,314181.22
2206500430,490676.12
9272201318,555245.1
585000095,630645.75
7708210050,498509.34
9407000840,289776.12
4027701265,506743.1
8644210050,767353.7
8656800020,379684.6
3329520170,212925.95
5104520720,328328.1
3806000005,172017.75
2330000015,769509.75
1447600410,275614.72
8641500252,385228.28
6084600420,275225.47
441000115,464218.9
2597490030,740549.94
650000030,786768.9
3585210200,402417.28
5416501030,406857.56
5406500170,670131.0
2916200065,437962.0
3330501975,508585.47
1774220070,556808.9
8731730710,213727.69
7861500150,431484.4
1402630190,381136.38
9117000230,296034.8
7133300380,735324.7
4232400470,755849.56
1773100972,319790.22
9413400165,254641.33
7658600025,512591.6
6909700040,945493.2
1402900380,289724.84
6625910100,507162.03
3204900010,614076.94
5162100820,317897.03
5560000480,169959.52
1704900303,530057.94
8084900170,1772908.8
2887700091,763369.3
4331400190,313310.38
3762900130,389627.9
52000067,633136.44
5430300120,1008152.06
8956000460,631610.06
8856950310,282018.9
3364900156,371535.9
9310300211,311141.4
6448000020,1458806.6
123039570,412724.06
7600065,570764.44
3123039171,478848.62
8964800445,1667826.4
7857000732,379214.28
7525410090,566464.44
9541600350,859662.1
3186600515,745875.5
4123820450,343544.06
2505500030,1142290.0
1541700240,330615.25
6629300120,350411.12
7399800150,504883.06
9517200180,356575.7
1313300340,484994.6
7967650010,365754.28
8807810090,379569.7
8815400670,795791.75
2310030500,287729.6
2241700075,307426.47
2287400030,312261.25
2827100075,269235.0
1310700390,298907.38
5498100010,432167.16
723000114,1376957.8
6431000987,470835.3
3356407665,212976.8
7852110050,529178.4
8677900123,492619.2
1917300260,219881.86
3396800280,582064.5
8691420050,825538.94
9368700006,284181.2
339600290,380276.5
1592000250,585434.5
1471701780,342768.0
8928100205,654724.5
5029450100,212569.55
5493110080,2286008.0
7883603750,294721.94
1732800175,986918.0
1518000290,332339.62
8604900017,569796.2
5379805160,284413.66
1254200835,585384.06
3179100482,477830.62
3313600266,194883.05
976000879,667837.5
8819900220,677371.5
2130701535,292658.06
1176001124,588293.5
7893805650,354830.8
3885806840,825292.5
3625600190,1164043.8
8562790150,809432.75
7348200115,220337.88
955000453,495649.84
6817810310,422043.6
4040400340,457066.0
1644500050,684391.75
8029500100,326566.22
5244801230,741432.25
1115100119,368869.5
9542400010,840587.06
423059387,602530.1
4023500990,350554.22
7899800857,261678.69
2976800796,227800.81
1074100020,318487.66
446000010,581438.4
7942601200,433906.78
3575305495,794477.06
8691310040,753115.44
6117500430,708557.75
3924500130,580976.3
2028701075,491017.3
4330600360,246586.02
1324079082,426892.9
9268200484,728477.8
9828701605,580465.1
7518506715,948045.06
5315100277,1434943.2
3942900115,398669.9
1561930020,448392.97
9510970090,658383.56
6163900821,358442.22
9510300220,543378.75
3869900146,319406.62
9262800208,768613.1
2522029039,541002.1
6865200095,693745.06
3782760040,531337.2
4237901250,544491.44
2891000610,221753.5
2749600095,527962.3
5422810010,382379.03
3629980350,757519.6
2459500070,294298.38
5113400364,658591.5
7533800885,738808.25
629410190,737663.75
8651431100,196576.55
7960100050,549232.3
1842200040,473786.66
425200205,240008.8
9477201470,360950.03
7905200365,526465.94
6381500635,316322.53
6052400175,372009.0
1236300268,483331.62
6072800265,1950086.0
3423049311,217680.27
3755100540,383903.78
7852150120,378968.4
4180300050,376756.56
7625701935,329657.22
7132300550,404788.34
3025059093,3084328.5
8161000220,446878.75
7852011020,593439.4
2599200160,347169.9
5536500020,532722.56
2095600150,271089.22
8910500226,373525.88
1681400010,773401.4
1424069110,729008.1
5127001620,324298.1
7940710070,409687.53
2413300980,299707.4
7853400250,634451.7
9542801310,278069.28
1890000169,541381.2
2720000120,295605.38
9424400105,483585.2
7888780090,266764.62
3501100280,346116.3
3905100220,472333.0
723000150,918757.3
8691310980,725334.4
2297400250,484689.78
2892600056,252580.31
5273200080,550426.0
5145100460,503082.3
5561401260,595982.7
7732650040,957269.1
7504101280,903503.6
8581400345,293273.78
7129302800,480891.38
9551201560,614567.4
1546600020,632403.56
2648000071,255627.61
3339900640,237061.44
7853301240,454698.53
943100262,300313.66
7202430150,860950.2
3558000120,326342.06
3890600150,493194.1
7452500315,253111.61
7173700591,685259.56
438000015,692466.06
928000020,396112.44
3830700010,376299.75
3845100640,402183.84
6675500112,364021.97
1773100920,332761.66
9485940330,413736.9
5561000600,472801.8
1786830090,608567.94
2011000020,244392.9
8024200681,408653.53
5452301810,1796638.4
5515600075,329533.5
357000135,1439540.9
2541100010,561992.06
1090000036,729495.2
3459100300,413016.78
2450000295,1071912.6
162500015,388374.9
2592210290,820541.3
5101405265,517598.38
1122069019,746606.7
7501000220,902039.94
1310900140,309937.88
3298700941,233438.98
1972200382,423583.6
5100402764,502407.12
2623069069,657656.7
6372000280,538432.2
4305600240,487727.25
2767602094,576213.3
2500600289,183227.16
7203160090,831147.06
3521069146,516675.84
824059321,1518191.8
9348700610,800440.25
7228501745,558411.6
6021503656,431230.94
5437400630,585698.5
2207100740,454710.75
7202000220,405546.22
629811340,724591.5
1324079029,260670.94
418000010,187180.2
6303400290,222444.64
4139910030,1217189.5
3023039066,394572.06
8698600395,209562.64
2799800710,319181.44
7351200050,1159118.9
8564860270,475289.97
2591830020,428526.22
4139420430,1260254.2
9828201725,523753.47
2420069604,256524.36
7224000315,233007.78
3861470120,2072409.8
3222069151,292176.44
3869900155,354530.4
123039346,290978.12
305010050,636942.56
2141340040,721074.8
7504021310,704650.7
2436700315,563625.25
8732750100,428698.44
3298201290,348976.78
9241900150,1123464.2
1180005220,250221.38
5540000050,314978.4
9211520400,261658.6
2623029078,474491.03
7132300695,378857.16
6430500219,439254.56
6084200100,382817.28
7140200280,255522.53
3904910610,607864.2
7625701900,455109.16
9432900560,325105.94
1388600110,237488.17
9126101201,365870.84
4224100030,378334.8
1109000390,588075.9
3336000296,273913.6
7504100590,749714.44
2025701060,262667.8
7527410080,594920.06
7304301045,297766.44
2591840050,439615.97
2767602490,450139.4
5494000040,1187824.6
2473251090,279022.06
3825500080,449325.8
2309710150,339088.38
8901001335,664613.06
1781500435,373080.06
8835220200,320051.94
4037500335,560936.8
1338300180,1937593.6
7968000120,254152.78
686050100,1013860.44
1180008315,235907.22
1657300280,425262.88
7856600170,793099.94
4154303125,608931.56
3295730050,634642.0
1777500090,625043.0
203600470,666933.3
6673050020,329835.66
8731980680,279978.0
2273600260,547172.44
1000102,294278.47
4197400005,541053.1
3378100100,267827.5
7856620210,799099.06
9275700765,978504.5
1246700136,397936.53
4239400740,148065.1
3306300630,205305.8
2524049056,1186060.5
2023049245,253401.95
3210400340,274977.25
2621760350,323578.8
526059183,417790.84
8078460050,660725.7
7504110050,682708.75
3876312840,419854.72
9268850350,313788.34
8085400490,1230905.9
2722059185,517390.8
3644100101,357640.16
1321700030,901768.56
5608000630,1349629.2
825059349,1489070.6
6083000071,211183.89
9164100105,516256.28
1425059145,488725.06
5210200184,543166.5
9477201370,454297.28
2927600630,1002367.0
2619920170,794434.06
1560930450,528856.56
2896000510,534076.75
3034200067,636120.3
4025300360,374611.06
3362401295,513312.4
2391600555,403020.66
7550801170,499920.62
5347200175,250412.38
8910500471,429435.78
7199340560,463399.9
9266700175,400679.0
808300270,447722.2
2487200875,492810.22
8728100781,317293.84
5379804888,268142.84
6619510060,460813.8
5416500680,415606.12
1862400087,457454.16
2126049277,443915.22
4137000070,300927.53
8081500060,2211032.2
686800065,1047969.75
5561100180,573349.3
798000342,319780.2
5603700095,574872.44
7151700585,1406031.8
8129700565,624931.75
2782100260,643133.44
7011201106,410102.47
2423069084,549201.6
8141300300,330426.28
6601200040,294776.44
290200230,664386.2
1423900220,246455.19
7303200450,223014.98
3755100220,382958.97
796000235,242065.84
7237501040,1170843.6
7203220400,870275.94
9285800275,836076.3
2061100435,507257.84
6414100025,533606.06
5317100750,2708245.2
6145601000,444055.97
5634500775,514620.94
7375300160,584620.44
9558050360,505580.06
4151800420,550548.4
3751600146,186537.36
5302400080,584126.1
357000005,646249.6
7283900306,445874.9
3738900105,340535.94
6822100305,621306.94
7436000205,527297.2
3295730040,587080.1
1526300015,403498.53
3294700101,291291.16
8864000970,231952.42
5469502700,404125.6
8078520310,244432.73
6154900130,321593.97
8945200830,198706.97
1085623630,412344.62
4013800131,223485.16
2287000010,746774.75
546000930,669025.8
4051100390,225112.77
7203100120,664985.7
7523850150,308882.06
3826000665,287843.7
1311800560,219963.66
2877102180,521141.1
3221059044,810306.75
9169600110,540410.75
9510920040,731712.9
8813400155,851764.75
3896100130,1072333.4
2568200740,741694.75
1217000340,319621.47
6430500086,439664.2
5634500234,530082.1
825049073,494520.75
2391601445,1051004.0
7881500330,460184.53
1721801591,118770.85
2473390710,305127.9
5634500891,326484.03
5515600163,505370.0
2560805630,255866.56
8078350280,601502.9
9477201060,380757.0
8827901350,677488.3
3560800040,415387.88
3034200370,524089.03
1328300040,342943.22
2483200010,592552.5
6071800480,434171.1
6200017,230021.48
8149600065,877095.5
3362400615,495994.84
7518502945,577023.9
8001210120,269697.3
8682280340,460583.4
3623500408,2249001.0
3764650070,466530.66
7937600380,365974.53
923000580,680975.0
217500005,417879.1
5419800510,256784.42
8562901250,563320.25
2212200100,293419.4
2310100240,366428.34
8582010240,681561.94
8651410670,183556.05
3330501645,264205.16
8113101232,365699.75
7849202190,313655.88
1864700300,310269.12
5231000060,302282.0
1565900070,245192.34
7555220140,700531.25
7518505160,506810.2
3322049005,695505.5
808300550,412756.47
66000265,423102.16
2880100675,403172.47
1524079156,399307.53
3625700010,1583108.4
3259400024,338223.16
3205000310,381059.2
807800190,252931.34
2783600210,486556.7
9290870040,817021.6
2561360120,439312.5
8857100180,370271.34
4388000070,227484.28
3860900003,980783.7
1176001119,581012.25
6084600330,255453.31
7985000100,239659.88
8026200080,370899.78
3210600010,683045.7
7558300170,595287.75
7852180340,433958.44
524069011,676230.9
3361401011,150389.19
6117502455,301130.06
5602000025,229213.88
4142450490,314054.25
5306100255,372957.12
1795900120,565121.5
1193000280,869589.4
9238480120,528797.4
3630200780,944449.1
1250201130,432495.4
7796000095,1331739.6
8635760040,496743.6
9476700135,304744.3
5249804510,577453.4
40000553,208247.86
3204300625,823582.75
2596400050,391212.22
2724069103,392809.34
3744000040,447732.5
7525100590,399605.78
3705900292,417560.06
6169900790,1832750.6
8127700735,1111017.1
3761700067,931118.5
6065300570,876370.06
4022902050,499715.34
3886902590,552815.2
4107100190,1964512.4
2909300150,659148.56
384000135,459578.84
1005000036,432374.62
8856970530,327848.38
3448900320,575584.3
6713700100,397369.44
2260300060,2073917.4
7273100026,638933.06
1277000020,906848.1
2620069113,364788.12
4166800080,342478.84
8731902680,270686.88
2599200830,214000.84
7569500010,736942.2
1825069031,585513.9
4443801495,620881.3
7805450110,728244.4
3345700207,528596.5
1560920450,949366.8
3629950010,456698.7
3782100035,275810.75
5561400340,804710.3
1898310110,248566.92
2122039094,699787.06
631000040,584642.4
293000145,399826.56
8121100015,379096.88
3205200430,380533.5
2475900565,282578.34
1651500040,2104461.5
3955900500,403603.25
7907600100,278467.0
3123039136,339911.38
3972900735,294135.66
1424059130,505320.03
6792200282,259267.4
910000104,298525.56
3751600784,334808.7
946000295,472378.12
7749500070,328173.16
255550070,337519.84
5151600340,293036.78
5415300060,502776.25
287000110,583358.8
7585000110,197991.52
8121200460,510065.94
6891100090,898095.75
7575600100,306168.6
4240400140,607020.9
4046500510,297653.8
2944010240,1064543.0
3449820380,508754.66
7203102140,305525.84
8665900291,547475.6
1775930010,436310.2
1118001631,1362801.2
8911000445,309109.12
117000100,612759.25
9284800085,463285.3
2795000080,488417.22
123039207,361380.78
1312200080,233004.47
1236300290,1178495.5
7549800168,462324.53
6891100260,884401.75
6072000910,540899.44
3226049184,412960.88
1442880320,503241.94
23500190,578206.56
6021502070,521764.1
4168000110,205597.22
792000006,195021.03
9558200210,232831.45
3840700757,653083.7
3876311650,577148.06
1328320800,344744.34
5006000170,268065.16
7575600430,249525.83
7686202580,197876.48
2524069097,2485568.0
4292300024,360958.16
2726049071,437946.75
3526039019,769895.7
3300701365,455889.7
1274500170,201627.31
7282300095,278464.5
8562740440,730635.6
3761100045,2715731.2
2877104265,838382.44
7940710100,482783.6
6071000030,773783.9
6448000100,1459097.1
2923500230,2768086.2
6751300375,495849.53
7214810350,470145.44
1088800470,564601.25
7129300420,253458.72
6149700405,306540.8
9521100855,461236.44
1861400116,706461.5
2787460720,228212.05
6073240060,673374.6
291310100,437712.1
1247100035,1063464.0
2626069030,2069919.0
1326059085,573813.8
6447300265,2951030.2
8651401270,179071.52
3524039209,971064.75
3226069049,1166429.4
7548300425,427765.06
1438000360,516396.38
1777600900,716625.6
5244800695,559741.94
3387900390,266959.94
1954700615,1234796.2
1026049036,292972.16
1683500180,237964.4
1939130420,634385.1
2021200530,1040208.6
993002325,460075.0
2780900220,287433.78
2540800390,455997.0
2919700540,580169.25
2787250090,563386.7
8651442520,273815.8
100600860,211828.8
1437580480,963256.2
3886902505,653748.7
173000140,441941.34
5151800045,504170.16
3010300240,493141.8
2085200261,299152.38
1839500065,288155.5
1049010300,383149.97
1328340540,318476.75
8887001625,436106.2
5332200320,718776.75
7137960030,274072.5
5468780250,328196.03
2436200715,626955.0
5137800030,297054.1
1068000520,1263757.5
5379805121,418067.12
7445000105,469623.47
7942601895,714206.7
1727850350,1151883.4
9407150310,329227.34
5569620550,724850.44
3179100480,511017.5
3624039111,219626.5
7844200050,331840.5
3304040020,383209.4
7739100155,771798.3
6099400053,176806.11
7468900270,201890.22
396100025,337527.12
1160000255,392030.12
6300000320,389784.8
6392000570,378643.56
7387500235,341231.78
1121000058,541989.25
9828702120,582043.75
7715800310,443699.06
8562740370,712915.25
5637500070,424552.53
5561400470,611472.5
1189000205,452625.34
2412100025,369837.88
1073100065,328210.06
5160300020,531238.25
2770601677,477854.9
5104450070,444305.06
820079043,415863.34
751000190,376286.5
1823049179,406768.25
7430200060,1293607.0
3331000035,541415.3
1775910370,546940.56
3626039299,500080.8
1546600125,675442.6
3260810150,330323.8
6817800330,304166.44
414100045,372556.5
1326039061,387607.0
4055700030,1266024.2
1225069038,4612434.0
2296700260,454117.3
2822049160,227867.86
3395300260,523934.8
5144000036,343093.47
809002290,875281.56
7334501410,314816.53
421049114,193820.5
2623069010,827572.44
1133000144,536213.75
705710290,338500.28
7313200120,640895.06
1269200150,268471.22
9264930970,326830.56
6819100020,2337329.5
5112800421,294937.94
7846700850,294968.4
7227501450,269102.25
5451210150,711459.2
4140900140,423428.72
3537900180,874781.3
7738500475,458958.28
3541600450,414781.22
5379800040,329128.47
6664900330,282556.12
6056100312,347422.0
7766200013,508777.75
8651720470,486543.5
5690500095,973646.3
5423010180,785666.94
3204300610,565301.8
3425059066,601643.44
7856660130,1087505.1
2954400520,1267826.5
2327000110,893106.0
9526600340,687569.94
7695500200,442471.88
7237501180,1154755.2
2008000550,276585.84
1123059126,555975.5
1775500371,799902.3
3459900230,1799058.1
2619950310,442600.9
1771100330,326190.88
1321059097,431330.78
2420069278,291208.5
3832050570,298350.3
7132300525,466487.88
8691410700,704329.75
7967000150,340133.5
1328300810,351068.5
711000110,1314500.6
9485951460,425219.16
1771000970,328071.1
2817100900,258077.1
6817800630,395602.3
3558900450,497768.53
7215400770,373743.66
4222000320,202041.22
2791500270,268576.44
424069018,836254.8
9547205180,703484.2
5631500947,582851.9
1425059193,1201231.4
567000775,425990.97
3904900610,509745.03
3649100346,411317.8
1624049228,519356.78
1559900080,364418.03
2919702040,609804.4
4013800206,198534.89
1025039292,1215448.2
2771604640,770584.56
7203600550,328639.7
1545802830,269559.62
3303910010,617408.1
8617000060,860694.25
7889600190,254235.64
3325069064,513618.53
6300000337,554510.1
1172000150,352616.47
3348401319,362930.12
4188000490,888383.8
7779200355,599904.94
8029900110,435452.16
4060000290,225031.72
9475710040,400383.75
798000535,231343.73
6415100410,402060.75
4299700095,290726.44
6117500955,453814.62
2421039075,234801.64
3362401935,544473.06
1545800205,293619.75
7645900235,738998.4
4141000060,1157386.1
9485800050,651972.6
2436700280,777140.75
7335400400,218931.58
9294300495,758736.44
6649300190,426131.3
7950303270,364311.28
2391601010,438771.5
8129700728,617160.25
7871500685,683907.9
1498304065,566170.3
3862710010,428885.44
9209900335,560530.4
952006857,354228.06
2322069168,621320.25
1775801090,491019.16
5700002165,573511.75
4029400080,406434.28
7796100080,885936.4
9279700150,1892173.2
3876200060,443215.94
2934800025,313285.62
9359100101,978150.6
3330500335,325556.56
4027700466,362540.75
3204800430,401780.5
5415350770,692173.0
1443550020,496368.88
2810600022,342795.25
1238500281,504352.0
2591020140,461567.94
7137900960,232793.83
1328340630,292420.84
3529200190,322791.03
1624049291,757495.2
4083301120,622409.75
1873100060,672269.1
1773101159,253841.77
7214700350,508815.75
3856902250,600476.9
7169500130,524384.75
4038300010,414703.75
9578500810,439143.53
3345100184,406617.75
452001860,460431.4
7905200037,530685.56
9376301110,522925.0
873900240,299926.47
8682262400,409023.84
7227500910,187955.06
2392100090,461759.5
3221079050,431456.7
4307320280,354541.8
3211270170,508060.06
726059483,747769.25
424049043,1463341.8
6865200140,617491.56
1155640050,412686.34
4139430250,1439370.0
818500100,186027.44
7999600180,187914.84
4099501215,940159.3
4046700140,412058.0
8857600490,206651.72
8677900120,504755.5
5379805253,198024.06
9211510410,239071.45
2337000150,277796.75
1423049029,272377.53
4036800580,461309.97
3942900010,363255.03
3438502715,395862.53
7625702441,390833.38
3905100610,458469.22
2218000335,461398.03
3034200516,404054.03
8024200625,409128.1
8564500020,340880.38
9550202700,456202.66
7518508625,584508.6
1822350070,374854.9
8921000040,814581.06
6648150090,1625470.5
2402100675,712742.94
42000127,271971.88
5100401160,485358.1
7347600507,266777.25
1839910300,344119.94
1250201550,777260.2
9460000010,280293.38
3356402232,196002.7
6819100150,688027.06
8645501330,247781.5
1556200005,822604.44
40000228,196350.61
7300410010,362478.38
4299000030,364258.3
2629600016,504348.12
662310900,372217.38
1909600046,510903.78
7893207490,218086.67
2524049318,1809448.5
924069210,747867.75
1591600527,323306.56
98000060,1310279.2
6392002020,623807.56
2719100400,507741.66
8018600655,432518.88
2141500020,446390.72
3277801580,500769.47
7237500110,1008758.9
626100023,622238.06
4319200820,366966.25
1422029138,583506.2
9517200610,361471.78
7334600280,300572.16
8820902400,517295.9
8944600060,502846.12
100100050,313553.0
8074200100,249617.02
1836980240,806882.4
6648500440,320342.84
9530100225,612169.7
2883200875,659354.7
4218400175,1043968.5
1022069183,639816.94
6398000171,519358.7
5021900160,680840.3
8078410250,554965.0
7972602490,349597.78
1962200435,855347.44
7221400285,261846.5
273900030,235448.42
2708450020,526949.4
4083306616,457831.94
3034200435,546466.5
7855000550,1247613.6
871000155,623826.7
8024201714,563741.5
2625069038,1444754.4
2324800350,842851.94
5450900010,1444502.8
1822039225,579914.7
2460700700,284897.06
6679001060,324038.06
2422059111,331353.56
1250200345,324029.06
5589300370,328356.8
2021201000,1496348.2
4302200336,266008.47
1328330290,348108.8
3438500781,397035.9
5453700020,755948.06
123039147,410218.84
8691310070,845636.4
6450303785,335563.53
114100234,435989.44
9212900820,526785.8
4270600025,321066.22
7201600190,468256.5
521049227,1054518.0
6300500479,433817.6
1432600100,224784.4
1024000109,361218.78
1430800100,348164.72
9164100125,600808.5
1925069183,515112.7
7852160080,1004288.3
5317100780,1498574.4
4083304835,576271.1
9478400080,752575.9
4463400195,226738.73
4232901525,555542.6
3845101070,397558.34
1843130980,298489.6
3810000480,345272.6
7137960440,293529.03
1231001115,421990.34
5101405340,500467.2
3723800409,591581.06
8651430370,192151.64
6135300010,249552.17
23520380,503485.22
2935400100,522865.1
6137500320,956869.4
7841300230,359121.53
3521069051,458426.6
2621400080,299237.88
5104530240,338563.75
2022069200,479332.34
5469501850,412689.56
9206950110,300513.34
3298300210,363277.75
2810600015,391571.97
7298050090,592166.06
7202290620,455148.03
3211290370,437805.2
1591600506,396021.88
2827100070,466144.38
2482410130,398426.9
4364200125,433627.75
6388910730,570821.2
7436500120,510598.8
1822059156,746367.9
9432750190,492121.28
2205700405,434445.0
6056111370,341718.75
3205500160,410179.4
6139100076,365898.66
723069135,459331.78
4123830070,328635.5
2472920740,448851.56
6134500220,638245.9
2734100395,230114.8
3574800090,457618.38
3126049107,507957.56
669000210,1110111.6
1139000620,313907.66
3825311190,690526.25
7300400320,375085.78
9407150250,296492.16
3679400503,306797.06
641900050,438801.22
9169100130,618180.3
8091800140,362208.3
9547201155,534436.5
4154302045,302651.88
6638900265,749777.3
1423069063,449381.47
3335000025,495297.6
9269200650,272688.34
1781500180,346695.78
9211500520,218700.4
1853080150,883900.06
2767704756,465562.34
2206700295,478995.25
2557000380,284259.75
11520200,763138.6
3832710680,244325.47
2569500210,322556.03
5230300210,257098.83
6447300225,1652144.4
5035300325,1205898.0
7853301660,696065.9
5411800250,361311.1
7203210170,719367.9
4302200415,312279.6
7942100290,223269.28
3629860160,816076.25
1423069076,587843.75
525049085,565786.3
3306200230,231380.5
2193310300,460732.4
7978800621,273775.7
4027700632,437985.44
1761100190,235950.78
2749600245,568184.7
322069141,476288.16
1900000035,196214.83
3361400190,194790.27
1604602050,522931.1
9421500160,463077.47
7788400180,300560.72
1566100625,463141.56
3861500340,239775.61
2524069072,349401.72
3013300980,472124.8
4191500130,616757.8
9407150130,314824.44
3904902500,733648.7
9510900140,252734.84
3368900084,313153.44
3432501415,327774.66
4254000540,504922.53
2767603250,564020.44
2923501130,662104.8
9183703045,276218.75
5279100675,334187.28
3905080310,516296.7
2461900375,640526.56
3346300356,586058.06
1865000110,360546.72
9264930400,308529.94
3447000100,621439.06
2313900510,521217.25
7518507330,563884.6
9368700270,188434.75
1137400420,396449.47
2023069054,334164.28
2141320230,622690.2
9536601295,363584.6
2424400130,373398.5
5210200081,471933.94
4443800785,552179.7
7292700005,539877.7
9834201205,307101.56
3275800050,284753.2
6926700654,680574.1
7511000140,1452206.6
6821101895,584603.06
8964800695,1279600.0
6821100195,683179.3
1226059105,685339.44
2806300070,1310445.0
1720069029,342104.25
6384300020,482577.9
8928100125,621012.56
8562770720,556573.5
8650300130,786073.4
2126059172,452623.84
8812401450,779296.4
6646200280,601058.9
4021100045,520966.0
1155620190,427954.84
6061000010,338858.78
3362400472,402470.28
9558020240,491115.16
7309100270,539668.75
7137950210,317034.38
7849200635,213265.2
1311200460,241156.55
284000095,1254052.8
1509700050,325647.38
3438503014,302382.16
9406450090,345368.03
5096300140,416915.7
8923600020,1444146.0
809001070,788372.9
2291400342,308310.22
644210020,777436.75
6700390090,254563.23
5631500285,731565.75
104560120,294512.8
6413100311,379216.78
2558700090,434682.06
1471590060,748215.4
8914100170,611163.7
5652601035,390482.7
7852120140,727769.3
6163900952,368007.97
5215200050,824749.2
6352600490,813852.9
3912000020,553114.25
8830400135,232916.12
5467500040,395168.84
9406570300,415866.62
109200390,233162.78
2025770310,814430.0
1939120450,669622.94
7524900003,2545048.8
3755000120,363979.16
2473002850,539182.6
7625703945,388920.84
9477000190,434924.38
1727500230,434159.6
7011201087,472201.22
5561300750,489793.28
3969300030,201318.47
8097000330,320199.8
2025049064,797118.9
985001321,229858.42
1775500050,427195.84
8849300160,391252.1
2316400285,524703.1
2423020180,583404.1
7128300500,544216.2
9512501400,437410.5
7200179,183697.34
5490210670,548689.06
9527000330,589467.06
1972200326,521399.62
4151800195,650454.9
4046500320,352689.5
9834200885,425783.94
8161020050,520825.28
2891000750,213195.02
3426049031,1326421.4
7387500195,278345.28
6303400395,140266.67
638100015,447083.8
4107100204,2190382.0
537000255,201021.05
985001266,281047.7
1137410040,470617.22
7229900250,254592.98
3905100840,502495.38
8100400160,642974.2
1346300150,2556555.2
1443501020,233109.05
5490700035,359303.88
1954600050,421257.2
8122100690,456230.2
3663000070,512229.38
5101406375,471096.8
426059055,610674.75
9268850160,359707.4
8731800840,253492.69
3331001910,337249.6
7603100020,968771.44
809002705,775683.9
4364200075,290394.56
1113000430,189975.77
1176001117,591912.56
3320000212,404313.6
9286000150,1376503.5
301400830,250962.89
425059024,690575.44
8835350300,514169.84
7100000135,329518.88
7696600240,211492.19
9808640320,1140642.2
3764500180,588643.94
326049060,599435.3
4017110200,447485.97
7224500300,255257.75
1560930050,486616.44
726059395,448586.5
8964800890,2393455.2
4045500620,646287.8
8562710250,937833.25
1775800710,362399.12
9528102865,790029.06
8096000060,634486.6
1591000015,286153.6
2310000430,287239.28
3902300350,611866.4
4068300280,277883.66
8732130730,254031.33
6791100410,544888.8
7660100236,392372.5
2568200070,839856.5
7697870310,259985.23
8562901100,628668.75
4016800120,307241.4
7338200180,545969.0
6791400320,277271.56
616000200,436824.22
2917200675,453755.34
2926049086,604093.25
3621059048,451146.25
7987401095,677785.4
5589900590,408951.62
855700170,516853.12
4030500130,316292.62
1755700060,376417.34
2413900050,702046.2
2489200250,465508.84
420000085,241253.97
8106300820,478593.6
8651730580,440412.53
8106300090,419408.47
9842300095,468695.5
9477000280,397701.53
2877102495,401568.2
868001030,947595.1
8564860110,547400.56
6762700452,571342.2
3294700310,212329.81
7231501665,239437.14
7525900050,550356.1
7882600326,1538247.5
104550690,297722.38
3425059076,1363649.6
8835770170,2168674.2
2581300010,1153177.4
844000180,256813.25
7888100240,226306.66
3845100670,479231.34
4027700812,468785.97
291310390,361800.7
9550200370,654129.5
2328800130,287439.84
2372800100,253927.19
2923039264,547087.8
9282801720,317400.56
9520900230,608837.2
985000955,241562.33
1099600090,225285.73
9211010320,535630.56
3825310820,820687.44
9545240180,569099.44
87000245,213383.3
5041300100,607536.1
3624039150,242896.66
1370804430,592441.3
722079056,464116.44
9126100815,502359.06
1770000490,343352.75
3995700250,393223.25
7214820400,418783.3
2473411130,327170.03
1824059079,898584.1
3080000030,453478.28
984200540,304700.88
524059063,1869269.4
9482700475,727064.56
8024200820,496755.8
8568700015,359416.72
1223089050,383881.22
2205500400,467014.25
1279300085,691791.3
7376300085,485276.0
322069020,449567.72
291310150,372783.5
724069059,1670750.5
5255200220,404207.66
1931300850,476333.44
4427100105,381602.84
2881700231,353433.25
8641500280,292092.12
5406500440,664618.56
8078390150,682461.56
8945300090,210739.86
8819901030,785288.75
3179100220,744396.6
2126079046,410863.9
2621750350,321598.2
4014400190,473794.16
7853420110,605437.8
2114700368,299962.28
3438501081,270146.25
6850700670,952468.56
3352402272,264665.66
4157600150,604043.2
8151600941,286165.72
5160300030,536621.75
3820350120,313762.25
7338000800,193372.5
3359500110,755111.9
8016300240,568224.9
7203120050,796242.9
3322049201,224856.1
7231502505,239149.12
8106100105,3045863.8
3895100039,895623.25
1001200035,214873.25
2724201202,220295.42
4038100110,527946.9
8827900015,626975.2
2644900109,393062.78
302000375,232607.83
1604600095,356383.47
2600040160,642042.5
2129700525,306900.6
603000555,322205.25
4083302225,903788.44
7298000090,449635.16
2484700015,512511.6
8945100320,215968.4
5112800042,443273.44
8091411100,291870.9
7375100070,454839.75
7577700061,528739.75
7923700030,436365.25
4235400186,373398.66
1498303700,761544.25
3876312350,426501.62
3797001815,413848.88
868002015,1332014.8
597000550,449516.34
8956200530,437232.6
2207100165,488862.28
7942100180,223783.45
2468800040,340048.75
9842300036,392111.97
5700003985,2075413.0
2988000070,370647.06
8857320260,488074.06
2600040130,564387.1
6632900452,671483.25
7518505910,541113.0
1672000170,626288.2
2597800010,551160.2
8562790720,692745.3
4219401080,1705636.2
7000100711,743230.56
7954000125,550383.75
5700003640,2232300.0
5700000275,724638.0
4019301205,457519.78
8943600360,281033.8
2954400400,1212304.2
1321400060,294080.78
2255500123,703022.9
2781260070,398272.1
1313000220,730105.3
1125069153,1634221.1
8899000310,265241.72
4139450360,852614.8
5511600315,571403.3
3575302575,516111.12
3226049054,513797.9
274100090,316040.25
1545802080,245910.02
6669020500,302194.97
3307700405,548268.8
3760500407,1944618.4
7853270100,710312.56
9320350020,534904.4
7715800430,461071.62
6791400100,403549.38
7708000010,413309.34
1448800010,282685.12
1782500035,344816.0
3449500050,521539.7
2856100515,887193.1
1245000461,945329.25
1219000043,335639.38
5409800110,366973.1
2680700010,671491.9
8143100350,391280.7
2597150270,280448.0
2966800010,321673.47
8854000010,620604.06
2207200635,441437.25
1722059222,324478.75
9358002305,408528.4
6392001950,500376.0
3630080070,400726.6
3797001702,1110779.8
8127700440,714142.56
1446400785,199865.94
5016002275,931582.3
2818100060,1189283.2
6431000748,390544.78
7972600450,314877.38
8078570380,320030.84
7889601320,197625.05
1762600280,994458.94
3026059085,1535486.5
3475000080,682301.56
1370802620,657956.8
5151600285,287639.34
2722049218,332638.34
7696300080,391136.6
4168100020,234867.88
1474000050,432022.03
2473480350,332087.94
1139600270,291348.6
6699940120,356805.06
7016100120,416710.75
6752510010,781245.44
7915100490,612865.2
984210170,320786.44
6159400030,410396.34
3013300968,371049.28
6404600006,242373.11
2770602170,432698.62
1922059401,244157.48
291300010,367732.8
3856905185,552885.5
7304300905,328667.56
3416600185,599904.3
1786810040,724458.1
4354700010,394836.38
3902100175,798157.8
4305600360,451132.72
3622069114,668890.06
4376700570,557888.1
6795100589,559894.7
3344500085,460651.78
2206500105,407408.12
8731900880,413423.3
1682000160,202505.28
5104200380,258359.56
1982201595,588497.8
795002190,225179.11
7228500375,552983.44
9412200280,464018.12
5071401000,886604.0
597000566,303571.38
8151600101,159381.33
2028700265,540236.06
1670400090,161200.56
7851980100,1218282.5
5595900345,471240.44
4046700300,385015.7
4324210120,275861.2
2616800050,541128.94
1525079069,757882.8
9828201020,562897.06
2723069146,695693.9
9468200100,606793.1
2883200961,605048.4
1137300690,653453.9
2473100280,338731.22
723049448,248407.08
3066410810,693289.7
5700003280,991570.25
9268200440,418199.25
4053200410,288288.66
1234000704,1345210.0
2473372170,437301.53
2523039239,252642.86
4324500490,202281.27
238000244,468466.88
1105000571,364862.84
1771000430,322863.22
666000142,722039.5
3389900800,438568.78
3578700017,627251.06
3629970190,748027.4
255450250,322302.66
1154100205,277116.5
3629890190,1140090.8
3905080870,528845.7
8155820110,305593.72
5135000170,712187.6
2464400435,570199.7
9482700080,545435.25
318900080,480694.75
9477001410,391426.7
825079019,706212.5
1471701200,411744.38
5606000120,817630.56
7853350220,593777.6
1776460110,451621.94
3904920980,687243.1
8087800430,552921.6
3298200320,417212.56
9122500080,311788.34
7893804845,347073.38
1370803730,627655.2
8001450170,303470.88
5561400260,635102.6
7308600010,799592.6
3524039060,338547.84
7300400150,345881.12
207700050,582528.6
5595900355,242156.66
2652500285,824618.4
6744701310,1614124.0
525069127,1371597.1
3334000050,408584.5
8682220390,703969.1
4038700380,577395.75
8073000265,386446.4
9521100960,723364.9
5634500688,983736.2
6813600440,452289.94
1072010350,497729.44
7853301700,636889.94
5141000571,303321.47
2013802060,632431.2
7852070210,1342078.8
1402970070,326150.62
2310040020,371565.06
646910560,255627.48
6647400090,454686.2
8682231110,564675.4
4376700330,626188.8
8069000075,769054.44
7147600220,220986.7
4142450330,270419.34
5101404698,483693.66
6154500070,1016200.2
1592000640,583912.1
3756900027,516544.4
7203220130,934158.1
643300010,555476.1
8651720150,469984.84
4139400910,744950.7
5054800110,348824.03
8835200330,418316.06
7682200340,260677.94
7203600745,404517.97
1895000260,236800.03
7922750020,542667.4
5437200050,497335.75
8732160250,256986.98
1442870440,493736.75
1471700410,391440.34
3204800330,384404.06
1923000160,852134.06
2719100013,380270.4
3814900380,375285.56
326049038,486162.97
1068000110,1033506.3
8835800010,1357351.1
1560920200,454854.44
1668500090,702601.56
2597530070,835824.06
1139000035,611859.8
8032700072,517604.2
7732300390,759172.0
5130000080,473666.8
9276200890,484196.4
342000036,473661.75
5126300060,489915.16
2331300505,674793.06
8651410090,184301.1
200800330,439678.3
7520000616,315499.66
7170200110,463333.38
3021059155,221019.53
3582900280,920504.9
7340600845,246684.92
3905040060,510938.62
3224800120,315575.9
6021503740,507564.97
2570300130,462618.8
8121100395,494143.5
3356404198,262606.78
3630090050,758957.5
923000413,481077.2
9201300020,1733999.1
1777600210,667880.3
7738500731,3883608.0
686900010,925249.4
7967000160,340980.75
3413700130,614656.94
7852190290,572384.1
1180007375,670344.25
3353404510,285463.7
7802900380,316737.72
8021700715,691171.7
3205100080,457107.53
4477000290,537199.4
1118001645,1485606.4
7979900806,316844.1
7228500415,672865.4
7212660640,319678.62
3826000735,197612.81
7714000250,468251.34
4400200057,680191.25
2487200279,602977.4
7140700690,292430.9
3304300080,558347.2
2887950110,258083.31
3760500222,741335.4
9269200786,354664.78
3734900110,249024.38
5045700400,564463.2
2140950130,458093.03
2612000200,376195.2
8563300085,442278.53
2425059173,727309.0
8091410930,300691.06
9422400035,632185.3
1112000100,621389.2
1323089056,423868.12
5015000596,891098.9
1535204165,546987.0
1438000430,480281.4
3222059130,533675.3
1982200330,602386.25
6624010010,234994.95
2303900035,5304929.5
259600620,513858.34
6072500490,471609.9
123039633,342462.78
8562780090,329410.3
5249802240,621125.6
6071200400,544248.7
826069002,352221.84
2625079030,746439.75
6742700210,1224059.2
9253900408,1811347.0
2560803085,293631.25
1237500540,329711.28
425069020,1244314.9
9185700440,2501367.8
8656300345,369498.72
4245400045,267564.78
9834201370,400584.97
7853300770,423101.9
9551201295,540027.3
898000220,227736.97
3834000720,359804.53
1245500690,781224.94
4083304190,667203.75
4178300080,780446.94
2960900045,615643.3
1446801030,255122.23
7855800910,769685.56
7853310150,656024.44
8732131090,283035.6
7967600285,470869.9
8651520510,549908.6
5379802650,238542.22
1425059174,488164.47
627300105,966744.8
3124089049,474235.78
1778350270,721489.06
8691500410,382600.9
9169600043,562755.75
100300500,314435.84
3221069054,755778.8
4443800385,599156.44
7922710450,737007.75
7880020030,662092.9
3288020050,343602.34
4136980090,865074.4
1687000240,290342.94
7812801785,231881.5
1126059144,665222.4
792500260,394179.12
3222049055,688828.1
8635750090,691797.2
2767601280,799773.56
5347200162,237120.33
7503800210,285380.34
3394100020,1084505.8
7663700783,421255.25
9454200030,418203.3
3791500050,278868.6
582000185,615014.7
3211230260,448862.5
323059103,396622.47
7297700055,349030.53
1545805460,260859.47
2341800195,323155.56
6648700150,283242.5
3860900035,1669088.9
1980200236,586271.1
1180002745,341079.4
3275890310,721877.75
6840701100,510793.34
8651402750,196799.56
1588600045,405369.16
2422029094,472505.44
1702901500,350884.2
3755100005,468583.53
3624039074,281034.22
7950302995,424535.78
5273200060,641856.1
8025700460,266018.38
280610020,1110959.5
3333002450,429579.28
7379600240,539284.5
4058802300,296541.2
302000065,190989.95
9527000180,555320.5
3626039403,358192.94
9510900360,254508.92
2310040230,382063.53
7308900490,595540.1
2206900065,401529.16
324059161,936880.5
7345310100,239878.56
2422049107,371100.38
8146100095,671385.44
87000283,357082.4
7937600010,328277.47
2618300350,234907.56
224069102,531075.56
7129302095,212288.88
7352200025,1055947.5
6163900333,356066.47
3528960020,717545.9
1687000220,291103.12
4141400030,575297.8
1822500160,342178.88
5467910190,364233.6
9331800580,297345.3
2407000405,214846.03
5466700290,276281.2
3026059361,479218.88
1523069096,508642.34
3876312010,453957.44
8832900135,810791.5
9238900616,599225.75
4142450040,290210.25
9282800065,284433.47
5379800862,323343.97
2459950010,274032.7
4435000520,249756.7
1552800010,290029.47
7549800543,303017.28
9828200460,415813.06
6345000160,964861.56
7129304105,361728.62
4302201005,329880.97
2450500110,723282.6
5166700050,491517.5
1085623710,407261.56
1123049129,271930.97
8566100200,991109.94
1774000780,449519.2
9492500170,864266.3
686530530,660443.2
4022907770,622302.56
6052400975,276563.34
3438502501,499080.66
3758900023,1266403.4
1645000580,275831.84
8099200030,236673.17
7635801371,543330.7
3456000310,872288.1
2025059150,877801.8
2624039114,518868.9
3348401095,284577.9
6633900170,534620.6
2600000510,800371.75
9414700020,334171.25
3204800520,385201.3
1844500025,339009.3
4137010590,422094.75
8564950280,529070.5
1338800491,890856.3
4058801702,971675.1
461004720,546260.6
3123059107,642122.9
6819100380,580204.94
1193000390,1006265.1
3450300270,337362.12
3110800040,261673.33
1437910090,528974.3
3645500050,462796.66
4338800600,253348.78
2114700530,365442.97
6381500450,363181.2
9206950200,319413.9
4232900940,807309.4
1025049174,1132035.8
7774200070,682470.0
1231000310,498658.9
8155870200,315861.72
7935000625,1107540.8
2426049079,338927.0
4037500230,521465.9
2331550120,329510.38
7974200765,525002.06
686200510,591776.06
4024100670,467449.5
3834500195,489115.8
3526059115,549157.06
7950304075,344910.4
1386800054,321332.34
9834200165,575159.44
6147650300,338385.75
6891800360,574830.9
9170500060,573277.4
65000260,847156.9
7784400130,513327.7
7941140070,360669.06
2122049096,193135.97
6003000851,343749.94
7203220050,973319.9
8898700960,306288.34
5245600105,208848.19
3530470190,182426.38
7883603965,308195.2
4022902505,511028.75
3211100240,360123.84
5119010090,630814.5
3821000100,249923.1
7301300050,385750.8
2171400197,375325.97
9471201175,1633644.6
2473450200,388065.78
2258500045,439691.5
1139000400,472105.03
3298701025,245193.17
1498302774,340965.1
9276200190,577231.6
2909300240,652547.75
1250200693,592018.0
3101500010,325126.56
2557000630,273730.88
1324300091,399435.25
2826049260,468837.7
3342100421,655030.44
3524049083,400554.4
9103000393,1452081.6
3121059033,325391.94
7853240200,587213.94
7950700120,297268.0
1822059057,171773.53
1219000473,308754.84
9272201385,707848.94
1336800185,1202286.4
9268851630,435733.06
2788400315,248913.86
3529000930,573131.7
5631500967,457587.66
2188201010,249543.38
8562970040,739519.6
4415600030,386007.5
2473251170,284171.22
7511200020,553828.94
1163400020,258940.72
5412400180,250140.05
255450400,348042.53
1687000210,291049.62
6749700004,303809.28
2738650030,550531.5
9136100420,765785.25
1924069115,882674.7
714000155,589043.7
904000045,727054.4
3395070640,285406.5
6308000010,602522.44
2695600130,362259.56
3626039279,402266.5
1623089039,264829.1
3438501327,317761.4
8118600025,412932.56
7625703435,838124.3
1807900300,727782.1
1862900360,305950.25
2768100186,493095.47
2524059269,976872.8
1126059108,982766.1
7856610130,817778.7
7203000200,241002.84
3630120700,771779.56
1612500090,245663.4
3586500620,932950.75
5207200360,452572.3
6675500035,407847.0
1781500385,380322.4
1150900080,858217.06
9541600355,962526.25
7525530670,767507.56
844000375,351696.25
9578140180,365171.1
9558041130,326844.6
1788800910,200273.62
9550200225,546051.1
8643200055,255443.7
6143000020,267953.97
8941100095,1122895.2
3630010020,415259.94
2895800610,326556.06
822039084,851170.6
5423600080,585676.6
3992700775,458081.88
3816700150,432772.47
4083302485,747689.0
5127000810,330085.25
1725059182,1297008.0
9485930120,398397.4
293850040,609877.56
8731981940,331284.38
3330501545,307110.3
1026069061,752468.7
8121200710,519806.34
3764390100,449449.12
9493200010,345895.72
2902201301,664849.4
3444120130,470979.16
5256500025,501679.72
4022902715,577358.94
871001500,735819.6
2329700440,200188.98
1773100275,242094.38
7852160070,1073054.8
2141330560,625747.8
2505500009,668864.75
8647800150,339529.44
4337000200,253733.52
9264901680,239964.19
1773101050,316905.7
9320990120,338770.47
8856960280,331464.47
5589300585,305334.16
7935000595,909141.25
7203150080,660008.25
5616000030,319001.38
825059178,3000927.8
6666830390,765937.25
8732900840,642997.9
2095800520,503522.4
1771000760,347711.3
1901600090,370947.88
8857600680,226281.12
4038700830,620106.1
8956200070,426489.16
8081500050,2074092.1
567000755,439939.44
424069264,727198.2
1564000410,837137.9
2817100910,344130.0
3303960080,969938.6
3340401535,200246.03
1622059095,293707.28
3278601940,382715.8
7202380120,461661.12
745500010,780267.56
6608500220,400973.84
8024201055,387389.28
8929000140,455898.7
859000160,342620.8
8673400061,412058.6
1269200229,1270362.8
6705850300,758475.6
3395040550,300983.0
1697000370,216439.33
5245600120,257080.25
8892900180,224261.83
1794500360,820673.1
2025049192,605741.25
1930301325,921303.4
4217402162,1280926.5
8126300410,554368.75
3345700215,703321.6
2887701420,439161.06
2887701251,436906.8
4036100175,623289.8
6762700515,1132948.5
3192000085,193879.89
226059096,1404809.2
9238900855,584449.56
6706200130,313125.38
2744000010,282700.78
7202271060,672603.7
7923200150,578314.0
162500030,336409.5
2571910210,276781.3
1523059105,346772.12
6052401215,261345.23
6626100260,763918.1
8925100115,1211949.0
5459500165,764233.5
7686202635,186836.69
1118001370,1355060.1
122029066,447181.4
8039900130,334871.6
3262300235,1237900.6
8860500300,316906.38
8956000250,580400.06
1646501920,534299.56
9284801500,414562.9
1442880380,461514.56
1311500020,258821.52
254000695,364106.03
9477101280,395035.2
9510970530,642294.4
6891800500,570806.3
9407000230,287702.3
7202340590,727045.75
8151600590,400081.12
9407001600,292054.28
1771000690,322689.0
1525069134,1042297.2
8645540040,295629.25
9414500200,448796.06
7883607645,222154.73
3845100140,333705.44
2726049164,464797.12
4340610040,308295.8
1245003006,1099938.1
1105000373,278533.78
6083000123,199709.39
1777600450,617218.56
9558000100,417147.5
2473002060,321777.0
943100689,362713.4
7544800395,446098.4
1931300090,649351.94
7936000252,556318.3
7987400316,230887.44
5152700060,717984.7
1721801025,219758.52
3438501450,310032.16
9222400510,399562.0
1796700160,274242.16
323059208,386252.7
3392100050,193096.6
4038500210,671369.1
6324000090,401058.94
7549802535,416928.62
3343900326,484782.22
5701700640,863125.9
5249803185,562204.1
8838900032,864549.06
1237500577,930944.06
8642600090,297387.94
3303100075,451070.72
2133020020,378087.9
7950302890,490811.03
2770601734,686219.0
2538410140,340632.1
8159600360,572405.2
917000300,416961.2
2391600330,372261.78
9285800585,469300.4
2005950050,244378.98
6450301835,342857.6
2473480520,334852.4
2818600010,1241937.1
952006728,356471.62
3422049088,312145.72
3629870420,972874.7
1079350090,333504.66
1509500060,397271.4
4039000050,477331.56
5288200230,659579.8
626400020,769556.0
5457300095,1730667.9
5000500055,225339.23
324000530,470996.72
6713100031,439302.03
3316500200,509820.1
3124059006,1359174.1
1125079111,1655351.5
7852020300,485560.25
123039364,227339.22
7883603190,269004.53
9828700900,589067.44
6821100015,658476.9
9522100375,716382.5
2420069201,255957.58
7504110330,722569.1
475000510,580892.7
2425059074,833305.6
7518503685,447511.66
5466400550,222105.28
7852150720,435791.47
3066400140,643336.56
3298400470,531941.06
2902200874,744757.06
9500900110,207588.23
8835200160,348970.22
6056100295,294500.6
1858600042,341925.22
7224500010,321173.06
5457801925,873969.25
7575620750,263733.53
2391600735,492425.4
6192400180,773099.2
5249803870,548864.94
3575302880,410176.1
7225000045,206779.39
5561720180,273273.66
1972200428,511581.78
892000025,179098.42
2944510080,286662.3
2428100100,788325.5
6647400250,476152.06
121059038,434459.25
6398000191,525182.2
526059103,314820.56
8856960720,316426.8
3832500260,265992.5
1623089025,513370.38
3625710080,1122679.8
6446200060,701063.1
5706200370,467140.47
5515600088,228307.3
8029500360,326368.56
6700390150,252471.6
642500080,403340.72
6150700264,369014.44
2473371780,381818.3
3905120540,580034.06
2652501215,732349.75
3176100110,693182.94
7574910650,807340.6
6385800030,303482.72
4443800960,516767.28
8731951490,263889.34
3380900125,348717.1
9828701508,650902.5
6699950310,364504.4
3321049112,408834.5
1824079052,1011520.25
8032700140,860712.25
8679600150,542740.25
5040800120,884610.4
2026059119,434939.25
4024100951,456005.7
7212650990,316718.66
936000060,353009.34
6181500340,344207.62
1137400050,433073.25
3324079092,425081.75
4268200055,283447.62
6145602240,386423.6
475000176,448391.4
3279000120,234184.11
9392200030,262171.66
3438500714,360602.9
4306500070,384487.44
8588000610,182457.39
792500190,352443.66
2461900850,441671.03
2660500365,348922.22
5451210100,811798.7
2787000040,343446.84
3278602670,198866.84
9528100899,606893.56
1324079085,313404.22
9477001140,384555.44
9521100880,763335.7
7853210060,411011.22
1326069094,443727.62
3420069065,445293.22
5468730280,261692.73
5437600140,338523.34
5127000410,357531.88
5445300050,565586.8
3375300360,249816.38
9297800165,549015.94
6021500840,612364.44
4323700230,430630.6
643000110,257269.95
8043700105,2377762.2
6824100014,403802.72
9542830480,315948.25
736100065,1103057.2
2592210510,897776.5
4233600260,1255594.1
1266200015,780349.44
2787700060,361392.03
8843900396,410851.7
8029500380,278098.34
5292200010,408992.16
1773100980,326789.22
2886200070,618458.25
8594400110,353540.72
9268850180,327778.78
4141800285,1775047.5
3188100007,435342.62
1796380960,265459.72
7202330030,478672.72
8078440140,569626.0
7983200060,210812.62
4427100025,407675.16
2113700510,294436.72
6446200305,654350.0
3425079088,591470.94
3304040130,354603.8
3222069153,303557.97
5127000470,360149.8
7525100520,397099.97
1868902745,803042.25
2920700220,343166.06
1105000780,407619.94
8563080020,842083.75
3630090110,784049.0
856000195,2312273.0
8649401000,206231.44
1315300095,781368.8
6802200670,257308.34
1523069022,355865.44
2624049165,480713.56
1972202080,561351.94
7211340030,274047.66
8850000180,387790.34
2787250080,524380.7
4235401055,535496.2
5226500250,512308.06
3294700421,340979.25
322069180,723102.06
1025059186,491900.22
1923039022,584183.75
1402600110,373601.6
6817810190,415259.78
434000030,627561.5
6056110460,649200.6
4337000285,246970.81
5710610250,620397.8
1049010620,231941.8
5112800234,369991.38
2309000060,524605.94
2985800030,495573.4
1604601570,400343.2
1563102435,811552.25
257000105,187751.81
6788201440,788389.06
1442300005,389423.9
4055700784,785975.75
3889100029,828226.2
4139450760,1010756.94
6079500230,650311.3
259601010,417417.16
3980300020,329149.7
9390700100,519907.97
7200001005,442956.16
9264920250,269509.1
8682260470,442649.88
4083303815,786745.4
7383450250,345528.25
253600180,418011.3
1450000210,175641.67
1133000100,430656.53
7511000050,1090753.9
5710600030,556428.94
4178300310,731375.44
3041700570,570606.4
1238500978,433878.2
431500155,639794.94
2937300050,965665.5
1352300315,206256.38
3277800823,338801.5
8895800110,1028786.25
9274200318,556806.44
1118001805,2280763.5
629810720,810983.0
6852700476,586313.25
7345200650,226434.42
8929000290,416004.56
5506500170,629623.6
8899000140,256961.66
4006000423,276357.56
7137910140,249808.7
2423020010,425329.0
40000362,135204.31
1657000070,221380.16
2124700015,261270.72
1887500045,278938.94
6838000170,458291.7
1310910290,305518.84
3599600276,213438.92
8142000080,374264.2
8856971000,283504.2
624100950,761375.06
2767704332,476140.7
405100165,394877.94
6117501755,451002.06
8961950410,314603.75
1523550480,604492.4
6840701160,617770.4
3331500650,306109.22
1862400517,372652.62
9558021000,360095.44
1310800090,210441.39
5104511040,352676.38
522059189,241634.44
3448720020,399892.5
1310700330,281266.1
5649600462,320885.0
1853000510,1024662.6
8128700005,319748.75
6352600210,835356.4
3754500010,828423.0
1962200475,864572.75
1773100765,219177.86
8895800200,903421.06
1310900260,313728.25
809001525,973374.25
2624049103,343916.12
9191200380,647719.0
6600060120,432429.5
8150100045,263803.47
9558010190,374764.12
4038700930,589875.94
2883200775,608697.94
4036800910,456085.9
8673400177,574594.94
7110000068,1002291.7
3279000240,241277.16
9545230280,559059.06
8815400105,598176.2
6738700075,880215.6
8732030490,280091.6
9532000070,541580.5
7752400075,499596.75
3824100051,375120.47
2768000270,512668.72
108000127,511853.75
844000225,283385.44
6817850040,884940.8
4447300137,1000138.2
8598900125,356687.03
5072410070,530997.1
7129300520,244988.83
3830210020,192447.97
4137040250,294935.6
3022079080,712558.8
722039087,216264.73
3924500040,672260.7
2473381090,341001.97
2201500490,382432.06
9265410090,222007.83
9286750100,387349.66
2023700040,680656.9
324000280,640801.7
3814800280,367357.03
7697100030,530147.4
8731900790,324124.9
8044700010,574604.4
6123600100,217925.53
1450100390,178025.72
579000550,477881.78
2459000020,339483.53
5016000315,465504.84
1193000190,843961.0
4038700730,567853.3
1556200265,677781.8
6600410170,208635.0
642800130,703309.1
1043000100,383786.1
7809200055,247981.06
7010700308,1106119.5
8680500090,550968.75
2719100355,637548.1
7905200147,498598.4
271200130,225852.83
326049103,514708.1
8682211030,436924.1
1070000390,1279211.6
8648700450,641793.6
2695600410,458199.7
8562710640,941681.0
1525200060,639021.25
1822039138,771695.6
2767601375,532907.6
3425069117,1473591.1
952004570,346777.62
7625702616,320743.16
9818700430,481907.1
2822059091,234726.03
1775900220,348262.22
6371000079,670690.06
293760150,944684.4
1336800880,1358474.9
2771600550,1234577.8
3905040040,513802.75
7787110060,462346.12
7708250040,349324.7
4022901316,485240.16
191100235,964397.8
7852050220,360098.53
3293700480,393853.25
2597450620,1419171.4
6169900580,1627607.0
2767602855,791026.3
810000080,919850.1
6392000625,505092.5
1865810290,220549.31
1568100380,348833.78
5249804760,378177.62
1337801060,899660.5
6181410950,241292.11
9264900660,306748.53
9122001231,580699.5
4427100030,362343.62
7334400070,290411.3
425079001,579035.56
7436500360,494062.12
1245001295,698751.25
1310500550,308838.8
4047200950,251936.6
9103000455,818589.5
2291400341,308310.22
3876100310,409229.25
7131300031,259352.3
7853380510,684606.8
7409700215,719826.0
5248800250,340158.16
126039323,404875.1
6632300207,346856.22
3826501060,264522.16
8024202520,443933.6
3343901401,508047.12
6431000005,591152.56
9232900075,343698.53
3056700150,225420.44
5104511250,513634.3
3658700510,643730.0
2895110062,328243.38
7454000990,284126.22
4038700680,663978.8
7811220070,593068.06
8091670030,360198.53
3438503045,263687.6
6388900710,517709.28
7956300020,189858.88
1775930440,477296.9
1762600190,972094.3
6600400260,216666.27
8728550150,653126.7
8155500110,606149.06
9169600135,485329.2
1777600490,663422.7
125059179,539735.8
7558700030,4365211.0
1702900624,339573.38
3343901403,577170.7
5101400994,365225.7
5547500050,280913.8
1705400350,344736.66
629810800,888722.44
4104900150,552532.5
7888000390,187329.75
4140900270,380706.53
6649900030,411818.4
820000012,425096.38
6151800080,342278.3
7454001060,270478.62
8682262330,420291.78
1566100010,383829.84
1180500070,411347.16
1112630130,407217.25
3101500090,368678.84
8682310220,696499.25
4032500035,469293.72
1623800440,493667.47
1088400190,245172.69
751000080,411946.06
6675500070,389414.25
2193340140,541569.94
522049074,381576.97
3204500340,305349.34
5104200470,427922.62
7517500611,709568.1
2946002140,268347.66
7631800110,1057264.0
3529300330,324587.16
3885801970,689838.3
5456000570,1096489.5
4123810090,363625.8
4037000635,504290.38
8079030350,469730.34
1726069060,694808.94
6858700225,244931.3
3356406510,220477.61
5423030040,597664.25
3111300040,443777.0
259800060,485318.22
1972202320,479640.84
5100403818,375011.75
1422700040,220015.92
3625049014,2682108.8
7852011040,596162.44
1201500010,646941.56
7195800009,283323.16
9407001320,271525.34
9508850100,629043.6
1328340380,281228.72
3885804305,993688.4
7128300630,643844.44
7574000080,433225.3
3744000150,468319.56
2607720150,535137.1
7203190110,712726.1
3904902430,652643.9
11501160,803296.56
9209900315,527824.9
9465910030,574639.8
3622069103,677210.9
3288301010,466244.03
4395600060,855490.75
7694200380,329770.72
9552700550,674547.56
9264921110,287149.7
6738700225,1071720.2
293620220,830555.75
7525300310,635291.5
3992700036,424381.28
3577300040,447768.06
3812400202,206039.89
2402100055,684558.44
1853080790,845267.94
1994200260,667948.1
1339300025,882889.6
7616200050,523058.62
4022902555,594649.2
9528102110,645566.5
6613001241,1522943.2
3205400240,351820.0
6065300840,1592497.9
7852040080,481639.88
1920079039,260199.3
2817910030,448670.1
1563102880,771634.3
8561200110,547005.94
629000605,1222942.5
2781270440,241307.48
6152900273,335151.28
3303950130,386706.62
6411600113,319595.62
4055700167,772190.9
291310310,522716.25
9523100550,834338.44
724069070,1026446.2
2408800120,387953.78
7559600200,636641.6
8165500790,370469.84
7856620870,888660.2
1588600040,368541.84
1023059246,487061.7
1938000140,789046.44
6061400160,393856.3
4167300350,263552.66
8649400790,223847.8
173000036,337649.38
225039049,643208.56
8043700300,2306926.8
3834000400,392679.9
4054530260,1704863.9
8724300010,745081.0
9358002232,349733.94
3298700012,252937.05
1125059071,947871.6
3885805300,529009.44
5315100784,1170688.0
3861400030,787838.3
7202340010,661488.25
7272001805,306017.44
2781250230,309692.62
1042700300,848774.94
123039279,196729.6
3760500336,1368924.2
6979940100,770804.9
686300880,616650.3
5214500690,429978.75
6021502250,628882.1
1320069223,314454.34
2871000300,768496.5
2724069117,429478.06
1159400220,776533.4
2571900380,282050.56
5528600050,359899.22
7686202730,160861.22
2225059118,928048.0
2558630350,451613.22
3655400060,424663.12
9558200080,306041.34
1796100015,579767.06
3378900020,477299.6
5416500040,314199.78
8856004582,203328.52
3812400107,451615.75
6126601445,515697.84
2997800021,474697.22
1211000280,369980.06
766800090,249285.62
3224079005,332417.34
619000100,394227.8
4319200620,367556.72
626059335,523981.66
3340401570,373241.16
7015200800,657287.3
8106300510,488902.9
1446110020,449407.78
2872900280,666548.4
8965500320,781655.06
7853300070,512698.47
5652601455,678764.06
7579200915,984734.25
2641400160,386226.5
203900460,373644.2
2998800040,590260.25
7519000170,539340.94
923000425,801615.2
2973800030,207112.45
6430500182,1087995.0
7304301010,385166.6
3861470110,2092517.2
2296500136,723556.3
6790950150,784567.44
8123100045,521963.66
3142600130,602656.5
7137970130,298815.88
8656800190,405225.0
7135300046,269041.94
3629960680,449890.72
1133000385,708632.7
1085621960,311022.16
9542802000,211058.62
8151600973,549527.44
7019000050,361320.7
6021501920,624005.1
7399300420,237793.02
7548300731,613213.1
5316100220,1047711.44
5152600090,286200.8
1703400470,362262.28
7316400070,309131.66
5561300380,481436.84
2215450100,334787.28
8635750330,656813.7
9492500140,865215.56
5315100393,771704.94
8588000315,224366.69
7524200180,236378.03
4235400255,412924.72
326069131,627672.1
4077800026,888490.6
9477000120,363240.78
5608000590,1051203.4
4137050130,291878.7
5249801440,365015.9
9264901510,271142.88
5437820250,211296.89
200500410,470629.47
9407111100,290326.1
126039252,388116.8
6141100255,423691.44
3013300830,360142.34
3271300955,847366.56
3021059276,270339.72
9542000050,718329.4
2769600035,796014.44
3824100364,470529.3
1726069202,344447.94
7327500270,358314.03
1189000207,443765.25
2472950160,272819.0
9558040050,553196.1
3438503120,342148.2
9407150240,286000.03
1370804295,627628.0
5700001100,671567.3
6837820030,417620.84
5411600210,783137.2
5061300030,278899.4
525069133,958900.0
2121000250,351022.38
3179100720,639255.5
2780700050,457152.5
1545805820,268508.3
5702380630,256614.58
9211010260,542149.56
7129300595,289997.5
6802200100,244528.86
3304030140,413528.47
2623039019,953808.94
104500730,214823.38
2924069132,663321.56
1775500310,668371.75
8114000040,326843.62
2011400021,406945.38
7525570020,687001.4
2917200615,400048.97
7697000170,299730.8
7871500070,817674.94
7215722010,508915.3
6300000378,482140.7
7159200005,2475083.5
8946410040,394207.66
3893100327,380342.47
635000009,1010746.3
2322069116,514255.4
2760200050,389064.25
3432500210,310532.9
5700000245,604705.56
7588700177,303466.28
9178600135,696091.0
9830200475,483424.06
8562780160,325606.06
9826701665,545482.06
7504010900,649927.7
2770606915,513740.16
1254200075,610984.5
2473450430,443413.16
1433290010,441901.3
7586200061,318277.1
6841700070,560780.9
9826701320,489354.94
8943600720,286363.0
6791900260,794822.0
2301400640,704370.8
7979900210,362285.66
4037200665,423887.97
984000650,306734.16
2937300060,926714.0
8731982190,257664.53
1445200190,268220.06
952003285,748849.5
1402970020,406550.5
2487700274,413534.5
8113101670,389472.8
8682300400,624944.7
809002435,753838.94
4045900147,593863.5
2991000400,274813.47
9456200405,198596.34
5104510370,303815.12
9414610240,493302.75
2111010760,341509.03
1854900430,665708.1
2624300080,868376.75
3645100280,490835.78
1433100010,247374.42
9533600100,1124649.9
6743700030,497966.16
9294300070,705559.0
2114700540,245450.72
7853280550,708267.25
868000175,636692.5
1446401290,240682.84
9109000050,322239.28
8856004327,252943.89
2329800110,272197.44
3031200230,380936.0
7582700075,1536741.5
2422049104,154004.88
9274202885,560897.7
1770000090,410547.22
9500900430,238262.8
7305900082,368306.56
3336000170,384466.28
5680000455,785034.3
9808630210,938535.56
8807810110,452788.75
3824100211,442708.12
3423059153,527751.3
3937900120,492271.22
524059323,875426.25
4305600250,551314.75
1257201375,609595.56
853600150,1205889.2
2424059174,1553024.4
5205000400,299182.5
2658000115,196136.11
3055800020,285724.03
357000025,611594.4
5666300010,329924.88
4167700210,248003.14
9187200275,691113.3
2960900040,432466.3
1021049022,248939.34
7750500120,241170.89
7153200160,1306419.5
4406000390,258393.16
629800380,1450302.6
2026049125,302606.16
6117502230,2343680.0
3379100130,502251.4
2472920140,434783.12
7214720075,624722.3
1771110070,338160.3
5127001600,319504.0
6666860210,347662.03
5467200055,341830.88
7819000040,349487.12
3790700070,298192.9
6362900138,347265.97
597000593,370959.4
8032700070,681560.5
9301300215,1146820.6
8902500118,382778.6
6607000095,380141.9
2163900081,855381.25
7732500270,665754.4
3856903515,677777.56
2557000400,287188.75
4386700135,2051535.4
7399000360,306090.75
